Date,Open,High,Low,Close,Adj Close,Volume
19-09-2018,997.424988,999,978.25,980.674988,946.282043,8356132
21-09-2018,986.950012,999.924988,955.099976,985.125,950.575928,11305074
24-09-2018,983.625,986.099976,957.5,962.849976,929.082153,6695396
25-09-2018,962.849976,981,957.5,976.200012,941.964111,8341276
26-09-2018,981.474976,989,977.650024,984.099976,949.586853,7363362
27-09-2018,984.700012,993,977.575012,988.075012,953.422546,9176104
28-09-2018,990.325012,1007.724976,988.575012,1003.025024,967.848267,7230358
01-10-2018,1004.900024,1021,998.900024,1017.724976,982.032654,6224794
03-10-2018,1015.224976,1026.099976,1003.5,1015.575012,979.95813,7666074
04-10-2018,1004,1008.900024,971.5,978.875,944.545166,8985292
05-10-2018,976.974976,995,970.075012,982.650024,948.187805,7864590
08-10-2018,982.5,984.5,965,972.5,938.393738,10064010
09-10-2018,972.200012,982.5,965,970.299988,936.270935,6229682
10-10-2018,972.5,991.125,967.75,983.575012,949.080322,7969966
11-10-2018,962.5,974.150024,958.799988,968.775024,934.799377,7179952
12-10-2018,972.5,998.549988,971,990.924988,956.172485,4800160
15-10-2018,995,1005.400024,985.150024,1004.025024,968.813171,6292984
16-10-2018,1001.5,1009.099976,993.75,996.375,961.431396,4703002
17-10-2018,1003.049988,1006.5,981.75,987.299988,952.674683,3970398
19-10-2018,979.450012,990.424988,979,983.875,949.369812,4933674
22-10-2018,1007,1010,994.299988,999.450012,964.398621,10165580
23-10-2018,986.5,999.450012,986.5,992.424988,957.619934,9714282
24-10-2018,1002,1004.400024,986.299988,996.125,961.190186,9036168
25-10-2018,986.799988,1001.799988,981.224976,984.400024,949.876404,14923528
26-10-2018,984.400024,988.599976,974.5,980.599976,946.209656,7577856
29-10-2018,982.049988,982.474976,947.599976,963.150024,929.371582,8522140
30-10-2018,962.5,966,949.650024,956.375,922.83429,6914352
31-10-2018,951.025024,958.950012,942.5,955.875,922.351807,11724702
01-11-2018,965,965,948,956.099976,922.568848,9814526
02-11-2018,963,980,956,974.724976,940.54071,15046434
05-11-2018,974.950012,979.825012,969,978,943.700806,2852648
06-11-2018,977.5,988,971.474976,973.275024,939.141602,4242794
07-11-2018,980.5,982.474976,975,978.974976,944.641724,479380
09-11-2018,979.099976,979.950012,968.150024,972.700012,938.586731,5050810
12-11-2018,975.75,981,958.575012,960.525024,926.838745,3953882
13-11-2018,959.5,968.849976,954.099976,963.875,930.071167,6675210
14-11-2018,969.275024,980,968.299988,978.875,944.545166,13055318
15-11-2018,980.950012,988.650024,965.599976,987.575012,952.940002,5196262
16-11-2018,990.5,1006.5,990,1002.150024,967.003906,7906608
19-11-2018,1005.5,1010.5,1000.950012,1006.950012,971.635559,6143214
20-11-2018,1006.5,1009.799988,999.525024,1006.224976,970.936035,2852584
21-11-2018,1006.375,1011.974976,1002,1009.375,973.975525,3272802
22-11-2018,1006.625,1017.5,1000.075012,1002.75,967.582886,6487276
26-11-2018,1006.950012,1026,1006.025024,1024.900024,988.956055,9092218
27-11-2018,1020.525024,1033.949951,1020.375,1032,995.807068,6447720
28-11-2018,1032.5,1049.300049,1030.050049,1044.625,1007.989258,6510554
29-11-2018,1050.5,1068.699951,1047,1065.525024,1028.156372,15954318
30-11-2018,1065,1068.775024,1055,1064.224976,1026.901855,6520462
03-12-2018,1065.5,1071,1053.449951,1056.650024,1019.59259,5399928
04-12-2018,1052.699951,1055.5,1039.300049,1042.775024,1006.204041,4078710
05-12-2018,1039,1052.650024,1037.974976,1049.599976,1012.789856,5899422
06-12-2018,1044.849976,1050.824951,1042.5,1048.525024,1011.752441,5865126
07-12-2018,1053.349976,1059,1040.150024,1053.800049,1016.842529,4951960
10-12-2018,1032.949951,1052.400024,1032.949951,1044.375,1007.748047,5457528
11-12-2018,1028,1035.650024,1016,1029.775024,993.660095,9452890
12-12-2018,1033.474976,1044.900024,1030.050049,1042.650024,1006.083557,5685244
13-12-2018,1047.5,1062.5,1045.650024,1050.650024,1013.80304,3532118
14-12-2018,1052.449951,1059,1044.025024,1047.849976,1011.101135,3079142
17-12-2018,1052,1066.300049,1049.5,1065.099976,1027.746338,4218662
18-12-2018,1062,1069.5,1051.300049,1067.724976,1030.279053,3706984
19-12-2018,1066.550049,1079.699951,1056.775024,1061.724976,1024.489502,4504948
20-12-2018,1056.275024,1070.224976,1051.324951,1068.724976,1031.244019,3990238
21-12-2018,1067,1074.550049,1054.525024,1055.574951,1018.555176,5110154
24-12-2018,1052,1052,1038.675049,1040.324951,1003.839844,2800744
26-12-2018,1038.5,1063.5,1034.5,1061.175049,1023.958923,3800958
27-12-2018,1066.5,1069.099976,1049.224976,1052.525024,1015.612244,5819934
28-12-2018,1058.675049,1068.875,1057.75,1061.449951,1024.223999,4707806
31-12-2018,1068.5,1068.5,1058.349976,1060.849976,1023.645203,2933264
01-01-2019,1063.824951,1075.5,1052.800049,1074.050049,1036.382324,3186720
02-01-2019,1071.400024,1073.75,1059.849976,1064.25,1026.926147,4067116
03-01-2019,1062.099976,1064.125,1051.5,1055.900024,1018.868774,6385832
04-01-2019,1057.625,1064.25,1055.175049,1058.724976,1021.594543,3643560
07-01-2019,1063.849976,1067.675049,1059,1060.324951,1023.138489,2693506
08-01-2019,1061,1061.75,1048.324951,1051.5,1014.623108,4171730
09-01-2019,1059,1060.675049,1051.300049,1058.400024,1021.281189,4284314
10-01-2019,1058.5,1061.900024,1046.324951,1054.25,1017.276733,3845770
11-01-2019,1056.900024,1062,1054,1055.949951,1018.917053,3204020
14-01-2019,1054.949951,1054.949951,1049.224976,1050.824951,1013.971741,2427580
15-01-2019,1052.525024,1063.25,1051,1060.949951,1023.741577,2543778
16-01-2019,1060.025024,1062.5,1054.125,1060.099976,1022.921509,2626226
17-01-2019,1062.625,1067.949951,1056.675049,1066.150024,1028.759399,4120114
18-01-2019,1067.5,1069.5,1057.275024,1065.125,1027.770142,2603988
21-01-2019,1069.974976,1083.25,1063.25,1074.074951,1036.406494,8780756
22-01-2019,1073,1073.400024,1064.525024,1067.925049,1030.47229,4398488
23-01-2019,1067,1067.925049,1050.724976,1052.699951,1015.781067,3812144
24-01-2019,1055,1060.824951,1048.949951,1051.125,1014.26123,5055786
25-01-2019,1046.5,1055,1045,1048,1011.245911,5631118
28-01-2019,1045,1051.025024,1038.375,1042.074951,1005.528687,7680218
29-01-2019,1039.125,1041.5,1026.5,1028.800049,992.719299,7381394
30-01-2019,1028.625,1028.625,1014,1017.349976,981.670776,9257080
31-01-2019,1015.5,1044.875,1011,1039.974976,1003.502319,8289702
01-02-2019,1039.974976,1058.5,1038.300049,1045.224976,1008.568115,7827094
04-02-2019,1047.5,1056.5,1041.324951,1052.449951,1015.539856,3969144
05-02-2019,1054,1059.5,1048.5,1057.025024,1019.954346,4345144
06-02-2019,1058.125,1063.5,1056.800049,1061.324951,1024.103516,5437842
07-02-2019,1062.525024,1065,1052.925049,1058.625,1021.498291,3608654
08-02-2019,1056,1072.474976,1053.324951,1061.324951,1024.103516,6117822
11-02-2019,1056.650024,1071.449951,1056.650024,1069.824951,1032.305298,3518182
12-02-2019,1069,1074,1062.400024,1064.849976,1027.505005,4886194
14-02-2019,1070,1070,1052.800049,1055.099976,1018.096985,3720694
15-02-2019,1053.675049,1054.050049,1039.099976,1050.324951,1013.489197,4208262
18-02-2019,1053.400024,1059,1043,1044.949951,1008.302734,3569372
19-02-2019,1044.849976,1054.074951,1039.099976,1042.025024,1005.480408,2634318
20-02-2019,1044.25,1055.5,1040.949951,1054.175049,1017.204468,2446250
21-02-2019,1050.849976,1059.974976,1046.800049,1057.949951,1020.846924,2630772
22-02-2019,1059.699951,1064.050049,1044.550049,1045.724976,1009.050659,4445354
25-02-2019,1047.574951,1064.974976,1047.574951,1062.699951,1025.430298,4070298
26-02-2019,1055.625,1062.5,1050.550049,1055.324951,1018.313843,4803714
27-02-2019,1058.050049,1062.224976,1044.074951,1046.125,1009.436707,3515046
28-02-2019,1046.550049,1052.925049,1036.599976,1038.775024,1002.34436,5822688
01-03-2019,1043.125,1050.449951,1038.5,1041.675049,1005.142761,4676464
05-03-2019,1044.449951,1055.550049,1035,1053.550049,1016.601196,5918638
06-03-2019,1055,1055.150024,1045.275024,1052.125,1015.226196,4229022
07-03-2019,1054.800049,1065,1047.5,1063.25,1025.96106,5102426
08-03-2019,1057.525024,1065,1054.724976,1064.099976,1026.78125,3526730
11-03-2019,1066,1071.849976,1061.099976,1064.224976,1026.901855,4612054
12-03-2019,1073.5,1087.5,1068.5,1085.5,1047.430664,7548646
13-03-2019,1087.5,1117,1086.050049,1113.275024,1074.231689,28583174
14-03-2019,1122.425049,1123.75,1105.300049,1112.375,1073.363281,7689932
15-03-2019,1115.5,1129.949951,1114.025024,1126.5,1086.99292,6381544
18-03-2019,1130.949951,1145.824951,1123.5,1130.724976,1091.06958,7179360
19-03-2019,1134.75,1137.949951,1125.5,1133.875,1094.109375,5978996
20-03-2019,1134.5,1150,1130.525024,1149.5,1109.186279,5855996
22-03-2019,1150,1153.5,1135.400024,1138.074951,1098.161987,15201940
25-03-2019,1130,1143.925049,1126.5,1140.650024,1100.646606,4599630
26-03-2019,1137.949951,1157.5,1136.300049,1155.675049,1115.144653,5893424
27-03-2019,1159.275024,1164.025024,1139.525024,1149.724976,1109.40332,6942650
28-03-2019,1149.400024,1162.5,1143.925049,1151.400024,1111.019653,9777164
01-04-2019,1162.625,1166,1152.300049,1155.900024,1115.361694,4823538
02-04-2019,1160,1160,1142.724976,1147.425049,1107.184082,5455248
03-04-2019,1146.050049,1158,1144.125,1146.375,1106.170776,3829726
04-04-2019,1146.375,1156.5,1140,1141.974976,1101.925171,4605776
05-04-2019,1143.900024,1156.875,1141,1152.800049,1112.370483,4175590
08-04-2019,1159.5,1161.474976,1140.050049,1144.699951,1104.554565,3199066
09-04-2019,1148.300049,1151.5,1133.5,1143.625,1103.517334,5388800
10-04-2019,1125,1142,1115.5,1118.675049,1079.442383,54064350
11-04-2019,1122.449951,1131.5,1118.474976,1128.75,1089.164063,4396650
12-04-2019,1126.050049,1136.099976,1126.050049,1132.625,1092.903076,4585222
15-04-2019,1135,1146.449951,1132.175049,1144.400024,1104.265137,5109890
16-04-2019,1145.474976,1154.949951,1140.150024,1152.525024,1112.105225,4136888
18-04-2019,1156.5,1157.525024,1144,1146.824951,1106.60498,5307428
22-04-2019,1162.5,1162.5,1130.5,1134.349976,1094.567505,10490210
23-04-2019,1138.775024,1145,1120.800049,1122.650024,1083.277954,7641200
24-04-2019,1125,1141.949951,1123.525024,1139.875,1099.898804,6177064
25-04-2019,1143.449951,1149.400024,1128.974976,1131.724976,1092.034424,9043318
26-04-2019,1132.949951,1142.5,1128.449951,1140.474976,1100.477783,5853784
30-04-2019,1142.5,1160,1139.199951,1158.724976,1118.087646,6268418
02-05-2019,1161.75,1179.824951,1158.75,1177.900024,1136.59021,8584650
03-05-2019,1182.099976,1189,1178.25,1183.974976,1142.452026,6175760
06-05-2019,1174,1175.949951,1158.525024,1164.224976,1123.394775,6874046
07-05-2019,1175.949951,1179,1159,1161.175049,1120.451782,4962102
08-05-2019,1161.275024,1161.900024,1144,1153.625,1113.166626,6032104
09-05-2019,1150,1150,1135.800049,1145.449951,1105.278198,4513862
10-05-2019,1145.675049,1162.449951,1145.675049,1148.25,1107.980225,5297100
13-05-2019,1148.025024,1156.675049,1140,1143.599976,1103.493042,5535816
14-05-2019,1148.349976,1155.5,1137.775024,1143.949951,1103.830811,5247372
15-05-2019,1148,1153.599976,1141.099976,1143.349976,1103.251831,4478174
16-05-2019,1140.275024,1159.5,1140,1155.324951,1114.806763,4025068
17-05-2019,1156.5,1184.650024,1155.800049,1181.050049,1139.629761,7379390
20-05-2019,1204,1219.349976,1190,1216.175049,1173.522949,8849816
21-05-2019,1219,1224.699951,1199.724976,1201.849976,1159.700195,5162588
22-05-2019,1205.925049,1213,1197.125,1202.875,1160.689209,5693330
23-05-2019,1204.5,1219.949951,1159.550049,1166.050049,1125.155762,16540998
24-05-2019,1179.849976,1193.074951,1170.074951,1186.675049,1145.057495,6846400
27-05-2019,1189.449951,1210.949951,1186.125,1204.175049,1161.943848,6024512
28-05-2019,1208.25,1210,1193.525024,1208.099976,1165.731079,3682420
29-05-2019,1205.099976,1215.400024,1205.099976,1208.449951,1166.068848,3737608
30-05-2019,1208,1223.949951,1206.525024,1219.775024,1176.996582,4679600
31-05-2019,1228.400024,1232.5,1178.400024,1212.675049,1170.145508,9892540
03-06-2019,1213.5,1229.900024,1212.474976,1228.550049,1185.463867,4240430
04-06-2019,1227.5,1232.875,1220.525024,1226.150024,1183.148193,3221494
06-06-2019,1226.599976,1235,1206.675049,1211.675049,1169.180664,7817462
07-06-2019,1212.824951,1227.125,1204.5,1223.824951,1180.904541,3985466
10-06-2019,1234.974976,1234.974976,1216.050049,1220.099976,1177.310181,3538570
11-06-2019,1225.75,1229.949951,1220.175049,1224.199951,1181.266479,3551646
12-06-2019,1222.5,1224.199951,1211.824951,1213.525024,1170.96582,3654310
13-06-2019,1217.974976,1226,1207.974976,1222.349976,1179.481323,5553974
14-06-2019,1221.474976,1229.474976,1212.5,1217.550049,1174.849487,5978460
17-06-2019,1217.5,1219.949951,1208.650024,1211,1168.529297,6405010
18-06-2019,1209,1216,1202,1208.625,1166.237671,6209826
19-06-2019,1213.5,1222.449951,1208.349976,1214.175049,1171.593018,5372138
20-06-2019,1214.175049,1218.5,1207.300049,1213.175049,1177.903931,5585746
21-06-2019,1213,1214.849976,1202.824951,1207.099976,1172.005615,6625130
24-06-2019,1205.974976,1215.300049,1205,1208.974976,1173.82605,3457500
25-06-2019,1209.925049,1220.75,1201.5,1214.349976,1179.044922,4449900
26-06-2019,1212.349976,1235,1211,1233.949951,1198.074951,5266818
27-06-2019,1234.375,1247.25,1228.074951,1231.150024,1195.356567,9939618
28-06-2019,1232,1237.5,1218.525024,1221.875,1186.351074,6378422
01-07-2019,1228,1244.5,1225.025024,1242.775024,1206.643433,4262080
02-07-2019,1244,1248.75,1233.599976,1247.5,1211.231079,3623414
03-07-2019,1249.5,1251.650024,1241.5,1244.824951,1208.633789,3731628
04-07-2019,1247.400024,1248.949951,1236,1241.900024,1205.793945,3996982
05-07-2019,1242.550049,1247.474976,1230,1236.199951,1200.259521,3791530
08-07-2019,1237.275024,1237.300049,1198.525024,1204.800049,1169.772583,7303570
09-07-2019,1201.925049,1205.400024,1186.5,1189.574951,1154.990112,8241344
10-07-2019,1189.375,1199,1183.125,1194.375,1159.650635,5784574
11-07-2019,1201.5,1207,1197.824951,1203.574951,1168.583008,4548798
12-07-2019,1209,1209,1192.525024,1196.949951,1162.150635,4488136
15-07-2019,1198,1201.5,1188.675049,1197.375,1162.563477,4116592
16-07-2019,1209,1209,1191,1195.599976,1160.840088,6385284
17-07-2019,1196.474976,1205.800049,1195.650024,1198.724976,1163.874146,3879868
18-07-2019,1201.5,1214.5,1200.949951,1205.949951,1170.889038,5401292
19-07-2019,1207.5,1210.349976,1183.5,1187.824951,1153.290894,4469614
22-07-2019,1172.5,1174.925049,1140.625,1148.625,1115.230591,11085648
23-07-2019,1147.25,1147.25,1121.025024,1131.75,1098.846313,13901432
24-07-2019,1128.375,1146.5,1125.5,1140.449951,1107.293457,8681870
25-07-2019,1142.5,1157.724976,1140.125,1143.025024,1109.793579,9731004
26-07-2019,1139.099976,1146.824951,1136.425049,1138.650024,1105.545654,6414914
29-07-2019,1136.775024,1136.775024,1111.525024,1122.150024,1089.525391,4988246
30-07-2019,1127.5,1135.599976,1119.949951,1126.125,1093.384888,5197068
31-07-2019,1120,1133.5,1117.125,1125.824951,1093.093384,6945920
01-08-2019,1114.550049,1120,1098.5,1110.900024,1081.00293,9120838
02-08-2019,1105.5,1112,1091,1107.175049,1077.378174,13912768
05-08-2019,1098.525024,1100,1081.25,1089.625,1060.300537,9911220
06-08-2019,1083.5,1105.125,1083.5,1094.550049,1065.092896,12445470
07-08-2019,1095,1101,1082.5,1092,1062.611572,9375068
08-08-2019,1099,1121.5,1091.5,1116.574951,1086.525146,9855800
09-08-2019,1123.5,1144.5,1119.900024,1141,1110.292847,15218056
13-08-2019,1136.650024,1136.650024,1101.300049,1110.175049,1080.297363,7720034
14-08-2019,1117.699951,1117.699951,1101.525024,1114.724976,1084.725098,7127026
16-08-2019,1107,1116.5,1102.050049,1113.849976,1083.873657,7623780
19-08-2019,1119.25,1121,1100.849976,1103.425049,1073.729248,4249100
20-08-2019,1104.625,1113.900024,1103.425049,1110.300049,1080.419189,5135296
21-08-2019,1112.449951,1120.599976,1107.099976,1112.925049,1082.973389,5236356
22-08-2019,1110.425049,1110.425049,1083.525024,1087.050049,1057.794922,6996022
23-08-2019,1080.5,1088.5,1069.800049,1081.349976,1052.248169,10049808
26-08-2019,1097.449951,1133.074951,1083.5,1128.074951,1097.715576,12640122
27-08-2019,1128,1136.449951,1120.050049,1129.974976,1099.564453,10330416
28-08-2019,1125,1128.675049,1113.175049,1123.75,1093.50708,6831294
29-08-2019,1123,1126.849976,1110.150024,1113.474976,1083.508545,7391858
30-08-2019,1116.75,1130,1111,1113.974976,1083.995117,9616660
03-09-2019,1110,1110.5,1098.074951,1105.474976,1075.723877,5714338
04-09-2019,1103.5,1137,1099.5,1123.875,1093.628662,7530352
05-09-2019,1124.5,1136.199951,1112.5,1117.574951,1087.498169,8648126
06-09-2019,1114,1128.300049,1110.650024,1122.949951,1092.728516,6435002
09-09-2019,1123,1130.449951,1108.050049,1124.800049,1094.528931,5321702
11-09-2019,1137,1137,1120.574951,1125.650024,1095.355957,7604558
12-09-2019,1125.349976,1144.400024,1124.074951,1135.425049,1104.86792,9066150
13-09-2019,1125.5,1133.724976,1119,1128.724976,1098.348145,7685670
16-09-2019,1125.949951,1131.324951,1120.5,1122.074951,1091.877075,5515092
17-09-2019,1123.949951,1124.25,1099.050049,1105.675049,1075.918579,5328278
18-09-2019,1108.650024,1112.074951,1090,1093.875,1064.436157,6479942
19-09-2019,1099.900024,1107.050049,1084,1101.050049,1071.417969,5311655
20-09-2019,1108,1209.900024,1105.400024,1199.599976,1167.315674,23075017
23-09-2019,1259.550049,1282.699951,1229,1257.25,1223.414307,20960205
24-09-2019,1250,1261.949951,1227.550049,1253.800049,1220.057129,11689524
25-09-2019,1249.900024,1249.900024,1230.099976,1239.699951,1206.336548,7804488
26-09-2019,1239.800049,1275,1236.349976,1242.5,1209.061279,15335780
27-09-2019,1248.25,1253.5,1237.599976,1244.199951,1210.715454,7436585
30-09-2019,1228.800049,1240,1216.5,1227.449951,1194.41626,9109229
01-10-2019,1231.5,1255,1221.099976,1248.800049,1215.191772,9384176
03-10-2019,1239.949951,1243.800049,1216.349976,1223.550049,1190.621338,8149438
04-10-2019,1236.650024,1239.599976,1185.300049,1189.699951,1157.682129,9201816
07-10-2019,1201.199951,1219.849976,1181.150024,1186.900024,1154.957642,11256610
09-10-2019,1197.099976,1229.900024,1190,1228.150024,1195.097534,8713635
10-10-2019,1221.800049,1225.949951,1197.199951,1200.550049,1168.240356,5778429
11-10-2019,1213.400024,1224,1188.949951,1198.800049,1166.537354,8593159
14-10-2019,1209,1219.900024,1197.400024,1204.400024,1171.986694,6133901
15-10-2019,1207,1225,1206.849976,1223.050049,1190.134766,4200187
16-10-2019,1231.650024,1235,1210.099976,1221.099976,1188.237061,5293408
17-10-2019,1227.5,1229.849976,1213.099976,1220,1187.166748,6121807
18-10-2019,1225.449951,1233.849976,1220.349976,1229,1195.924683,5616903
22-10-2019,1257,1257,1232.599976,1239.300049,1205.947388,10003114
23-10-2019,1246.849976,1249.75,1233,1241.599976,1208.185425,5095107
24-10-2019,1248,1254.150024,1226.349976,1236.099976,1202.833496,6553747
25-10-2019,1240,1246.849976,1220,1229,1195.924683,6496771
27-10-2019,1239.949951,1241.900024,1235,1237.699951,1204.390381,875041
29-10-2019,1238,1257.349976,1237.699951,1242.5,1209.061279,7116284
30-10-2019,1246.900024,1262.699951,1243,1248.349976,1214.753662,6005683
31-10-2019,1257.699951,1263.900024,1227.099976,1230.349976,1197.238281,6608853
01-11-2019,1239,1243.75,1227.599976,1240.050049,1206.677246,5756130
04-11-2019,1246.449951,1250,1229.050049,1236.849976,1203.563232,4967588
05-11-2019,1241,1244.800049,1229.050049,1239.5,1206.141968,6183905
06-11-2019,1242.449951,1259,1228.050049,1256.650024,1222.830322,6065168
07-11-2019,1261,1269.699951,1250,1263.699951,1229.690674,8481517
08-11-2019,1259,1267,1251.449951,1255.599976,1221.808838,6625748
11-11-2019,1252.550049,1268.5,1250.5,1264.75,1230.71228,7143305
13-11-2019,1261.949951,1270,1253.599976,1257.550049,1223.706299,4646748
14-11-2019,1263.800049,1277,1257.199951,1273.900024,1239.616089,5527609
15-11-2019,1283.849976,1285,1271.099976,1277.900024,1243.508545,4639506
18-11-2019,1277,1279.449951,1258.699951,1262.050049,1228.085205,4565146
19-11-2019,1265.300049,1275,1261.099976,1271.900024,1237.670044,5285289
20-11-2019,1273,1282.949951,1267,1273.349976,1239.080933,5527129
21-11-2019,1270.25,1287,1268.349976,1283.349976,1248.81189,6009763
22-11-2019,1283.650024,1283.650024,1262,1264.75,1230.71228,3844005
25-11-2019,1264.150024,1279.5,1264.150024,1271.099976,1236.891479,3946778
26-11-2019,1278.449951,1279.75,1266.949951,1275.050049,1240.735352,4358001
27-11-2019,1276,1285.75,1271.199951,1278.400024,1243.995117,4790333
28-11-2019,1280.199951,1283.050049,1262,1265.300049,1231.247681,6183020
29-11-2019,1267.699951,1279.900024,1252,1274.949951,1240.637817,7783813
02-12-2019,1273.949951,1273.949951,1258.599976,1265.75,1231.685547,4473102
03-12-2019,1268.199951,1269,1253.800049,1255.400024,1221.614136,3495953
04-12-2019,1252.5,1256.900024,1234.199951,1251.650024,1217.965088,5697807
05-12-2019,1255.599976,1258.75,1240.75,1245.599976,1212.077759,6386247
06-12-2019,1248.949951,1260,1238.199951,1246.050049,1212.515869,6887325
09-12-2019,1249.5,1249.849976,1237.550049,1242.949951,1209.499023,4132675
10-12-2019,1251,1253.650024,1245.099976,1249.5,1215.872925,4894450
11-12-2019,1250.099976,1254,1242.5,1248.75,1215.142944,5527321
12-12-2019,1253,1269.449951,1253,1263.599976,1229.593384,6456574
13-12-2019,1265,1272.349976,1259.25,1263.849976,1229.83667,5887593
16-12-2019,1269.25,1270,1248.199951,1257.349976,1223.511597,5663788
17-12-2019,1260,1274.800049,1255.349976,1271.099976,1236.891479,6213677
18-12-2019,1283,1299,1273.650024,1292.349976,1257.56958,8723586
19-12-2019,1305,1305.5,1286.099976,1288.800049,1254.115112,6509188
20-12-2019,1288.75,1299.599976,1280.050049,1296.699951,1261.802612,7513022
23-12-2019,1299,1304,1288.800049,1302.400024,1267.349243,5097891
24-12-2019,1298.599976,1301.099976,1286.949951,1289.150024,1254.455811,3589604
26-12-2019,1289.699951,1291.849976,1264.650024,1270.449951,1236.258911,7474879
27-12-2019,1272,1279,1270,1275,1240.686523,3546496
30-12-2019,1282,1288.75,1274.050049,1282.150024,1247.644165,4667095
31-12-2019,1281.949951,1281.949951,1268.650024,1272.099976,1237.864624,4178528
01-01-2020,1276.099976,1280,1270.599976,1278.599976,1244.189819,1836849
02-01-2020,1279,1288,1279,1286.75,1252.120361,3068583
03-01-2020,1282.199951,1285,1263.599976,1268.400024,1234.264282,5427775
06-01-2020,1260,1261.800049,1236,1240.949951,1207.552856,5445093
07-01-2020,1258.900024,1271.449951,1252.25,1260.599976,1226.674072,7362247
08-01-2020,1246.949951,1262.150024,1240.050049,1257.300049,1223.462891,5666055
09-01-2020,1265,1275.800049,1263.099976,1271.400024,1237.183472,4773158
10-01-2020,1284.099976,1286.900024,1275.099976,1282.699951,1248.179321,4607290
13-01-2020,1282.699951,1296.5,1276,1286,1251.390503,3725784
14-01-2020,1289,1292.550049,1277.5,1289.5,1254.796387,3943145
15-01-2020,1286.400024,1287.949951,1274.099976,1284.25,1249.687622,5893724
16-01-2020,1282.050049,1291,1279.349976,1287.650024,1252.996216,3575200
17-01-2020,1281.75,1284.900024,1271.900024,1278.150024,1243.751709,8459407
20-01-2020,1304.849976,1304.849976,1252.5,1254.900024,1221.127441,11089225
21-01-2020,1250,1250,1238.400024,1244.349976,1210.86145,7492402
22-01-2020,1248.050049,1255,1234.400024,1240.849976,1207.455688,9184155
23-01-2020,1240,1246.849976,1231,1244.849976,1211.348022,5754460
24-01-2020,1246,1254,1239.099976,1244.550049,1211.056152,5915878
27-01-2020,1235,1235,1211.75,1213.199951,1180.549683,9444276
28-01-2020,1218.800049,1227.800049,1213.25,1223.199951,1190.28064,6706079
29-01-2020,1225.300049,1242,1222.25,1235.849976,1202.59021,6894175
30-01-2020,1238.949951,1238.949951,1217.199951,1226.050049,1193.053955,6055992
31-01-2020,1231.449951,1237.800049,1220.25,1226.300049,1193.297241,5589134
03-02-2020,1197,1197.949951,1177.699951,1192.800049,1160.69873,6538505
04-02-2020,1198,1234,1198,1229.800049,1196.703125,10448852
05-02-2020,1234.900024,1248,1227.300049,1244.650024,1211.15332,9010341
06-02-2020,1244.650024,1248.699951,1237.199951,1239.800049,1206.43396,5913775
07-02-2020,1246,1247,1231.599976,1242.199951,1208.769287,3407724
10-02-2020,1242.949951,1242.949951,1226.050049,1240.300049,1206.920654,4609917
11-02-2020,1243.300049,1255,1238.050049,1240.599976,1207.212402,5806760
12-02-2020,1245.199951,1252.900024,1244.050049,1249,1215.38623,3148965
13-02-2020,1259.900024,1259.900024,1233.599976,1241.400024,1207.990967,4556070
14-02-2020,1243.199951,1248.400024,1215,1219.349976,1186.53418,7344429
17-02-2020,1225,1233,1214.449951,1217.150024,1184.393433,5076345
18-02-2020,1216.900024,1218.5,1203.5,1213.25,1180.598511,5264558
19-02-2020,1222.5,1230,1213.900024,1227.199951,1194.172974,5006134
20-02-2020,1230,1230,1214.099976,1217.099976,1184.344849,5561707
24-02-2020,1208.949951,1214.75,1200,1209.949951,1177.387207,8284042
25-02-2020,1204,1209,1198,1200.300049,1167.99707,6943340
26-02-2020,1197.5,1204.699951,1185.650024,1199.25,1166.97522,6907393
27-02-2020,1195,1202.5,1181,1199.449951,1167.1698,10327549
28-02-2020,1175.5,1185,1170.099976,1177.650024,1145.956421,12156528
02-03-2020,1200.199951,1201.150024,1166.150024,1179.599976,1147.854004,7332449
03-03-2020,1175,1185.349976,1168,1181.800049,1149.994995,11184775
04-03-2020,1178.349976,1180,1133.099976,1148.849976,1117.931641,17144435
05-03-2020,1153,1165,1142.75,1151.349976,1120.36438,9774854
06-03-2020,1125,1140.900024,1101,1134.900024,1104.357056,11526783
09-03-2020,1110,1118.400024,1065,1107.300049,1077.499878,17210295
11-03-2020,1105,1120,1092,1113.800049,1083.824829,17769120
12-03-2020,1075,1080,1003.450012,1021.299988,993.81427,29500385
13-03-2020,980.049988,1081.449951,919.200012,1069.800049,1041.009033,33171182
16-03-2020,1035,1037,995,999.5,972.600952,15993161
17-03-2020,1008,1010,954.700012,975.099976,948.857605,21338419
18-03-2020,985,993,865,876.900024,853.300476,30590703
19-03-2020,847,919.950012,795,895.549988,871.448547,33610024
20-03-2020,875,914.599976,824.549988,882.849976,859.090332,44318732
23-03-2020,794.599976,838.75,765,771.549988,750.785706,25138477
24-03-2020,795.25,810,738.75,767.700012,747.039307,30528636
25-03-2020,770.450012,867.450012,755.25,856.75,833.692749,23614021
26-03-2020,870.099976,937.700012,841,901.099976,876.849121,28521578
27-03-2020,944.950012,988.650024,872.099976,904.450012,880.10907,27617968
30-03-2020,880,887,828,831.650024,809.268311,19634222
31-03-2020,853.799988,873.599976,838,861.900024,838.704163,17605546
01-04-2020,863.849976,863.849976,820,829.650024,807.322144,14551752
03-04-2020,843,844,810,813.849976,791.947266,17498140
07-04-2020,874,907.299988,845.349976,896.099976,871.983704,30206319
08-04-2020,879.950012,945,866.099976,888.900024,864.977539,28109676
09-04-2020,913,930.900024,890,925.049988,900.154541,22228573
13-04-2020,934,946.700012,886.200012,895.349976,871.253906,17079028
15-04-2020,930.5,930.5,843,863.299988,840.066467,28989376
16-04-2020,865,890.700012,856.25,879.75,856.07373,26927198
17-04-2020,915,920,887.25,910.299988,885.801575,27941731
20-04-2020,951,960.950012,935,944.849976,919.421692,33116493
21-04-2020,925,934,908,921.650024,896.846069,16589003
22-04-2020,919.150024,933,907.299988,928.599976,903.60907,19144677
23-04-2020,935,958.5,912.549988,954.950012,929.249939,20450611
24-04-2020,933,958.400024,926,938.049988,912.804688,16642284
27-04-2020,945.150024,957.400024,926.299988,929.700012,904.679443,13710536
28-04-2020,943.799988,943.799988,922,931.400024,906.33374,14720718
29-04-2020,935,992.700012,934.099976,977.099976,950.803772,27938889
30-04-2020,1001.400024,1019,992.099976,1001.799988,974.83905,21896567
04-05-2020,957.5,960,917.5,923,898.15979,13361162
05-05-2020,938,944,908.049988,911.450012,886.920654,14836429
06-05-2020,919,950,905.650024,946.400024,920.930115,16892923
07-05-2020,940.5,943.299988,921.349976,925,900.105957,10915865
08-05-2020,942,943.950012,925.200012,929.049988,904.046997,10403742
11-05-2020,937,954,914,915.799988,891.153503,14275392
12-05-2020,901,909.400024,871.099976,901.549988,877.287048,24784209
13-05-2020,951,960,922.099976,927.650024,902.684692,22173483
14-05-2020,898,911,890,893.700012,869.648376,19777445
15-05-2020,890.5,892.400024,875,888.150024,864.247681,12174814
18-05-2020,888,888,831.299988,836.650024,814.133728,23324982
19-05-2020,860.849976,867.299988,826.099976,830.650024,808.295166,23730346
20-05-2020,836.450012,864,832.200012,857.099976,834.033264,20007153
21-05-2020,861.450012,884,852.299988,859.549988,836.417358,24239454
22-05-2020,850,870.299988,833.049988,838.849976,816.274414,21023716
26-05-2020,857,871.75,848.75,852.400024,829.459839,19002576
27-05-2020,859.900024,909.799988,857.150024,903.650024,879.330566,28012877
28-05-2020,920,950,913.950012,945.25,919.810974,37744403
29-05-2020,944,955,923.450012,951.650024,926.038757,26512583
01-06-2020,975,995,966.099976,987.650024,961.069885,19595115
02-06-2020,986.700012,1005,975.200012,1001,974.060608,20811797
03-06-2020,1020,1046.25,1015.450012,1022.25,994.738708,25273044
04-06-2020,1028.050049,1038.949951,991.099976,1001.700012,974.74176,27137941
05-06-2020,1003.099976,1042.400024,1002.799988,1033.349976,1005.539917,17597992
08-06-2020,1060,1066.650024,1006.400024,1015.900024,988.559631,24906332
09-06-2020,1020,1026.75,979.549988,987.299988,960.729309,30922073
10-06-2020,990,999.849976,978.200012,991.849976,965.156799,18248865
11-06-2020,985,988.400024,965,968.599976,942.532471,15448857
12-06-2020,928,986.650024,928,982.75,956.301697,21322438
15-06-2020,968,974,943,949.849976,924.287109,16004968
16-06-2020,975,993.950012,952,990.400024,963.74585,22699985
17-06-2020,989,998.900024,973.25,979.25,952.895996,18478919
18-06-2020,980,1024.900024,972,1019.950012,992.500671,20435063
19-06-2020,1017.950012,1043,1012.150024,1033.349976,1005.539917,23938876
22-06-2020,1039.449951,1045.949951,1023.799988,1028.75,1001.063782,14847237
23-06-2020,1039,1045,1016.549988,1042.300049,1014.249084,14415256
24-06-2020,1048.5,1057.5,1030.050049,1032.5,1004.71283,19714623
25-06-2020,1021.900024,1049,1007,1028.75,1001.063782,35323395
26-06-2020,1041,1063,1028,1056.449951,1028.018311,19984569
29-06-2020,1037,1082.599976,1037,1076.050049,1047.09082,23002978
30-06-2020,1074,1078.550049,1056.300049,1065.849976,1037.165405,17873065
01-07-2020,1065.849976,1096,1061.300049,1084.599976,1055.410767,17423359
02-07-2020,1090.300049,1111.25,1085.199951,1089.400024,1060.081665,18477248
03-07-2020,1093,1095.800049,1070,1073.949951,1045.047363,13798627
06-07-2020,1107.949951,1119.900024,1100,1103,1073.315552,17779108
07-07-2020,1109.400024,1111.699951,1093.050049,1105.150024,1075.407715,12174925
08-07-2020,1107,1124.900024,1105,1110.349976,1080.467651,15028175
09-07-2020,1118,1129.699951,1107.25,1124.949951,1094.674805,10057242
10-07-2020,1117.900024,1120,1099.550049,1105.099976,1075.359009,8781489
13-07-2020,1109.900024,1113,1071.300049,1080.25,1051.177856,14961057
14-07-2020,1062.599976,1068.900024,1050,1058.849976,1030.353638,13306337
15-07-2020,1070.199951,1079,1050.099976,1053.150024,1024.807129,10487197
16-07-2020,1053.650024,1065.5,1034.099976,1062.550049,1033.954224,11831228
17-07-2020,1059.050049,1104,1058.300049,1098.449951,1068.887939,14202869
20-07-2020,1135,1152.900024,1124.150024,1133.050049,1102.556885,32562048
21-07-2020,1152.050049,1157.949951,1134,1138.550049,1107.908813,23756211
22-07-2020,1138.5,1144.5,1117.550049,1126.349976,1096.037109,12359006
23-07-2020,1125,1143.900024,1116.25,1130.400024,1099.978149,10074561
24-07-2020,1122.900024,1122.900024,1101.25,1119.099976,1088.982178,9799220
27-07-2020,1099.849976,1103,1075.349976,1079.5,1050.447876,18985047
28-07-2020,1079,1094.400024,1059.5,1086.650024,1057.40564,17798225
29-07-2020,1081,1088.5,1055.550049,1064.599976,1035.948853,16796043
30-07-2020,1074,1083.650024,1046.699951,1050.650024,1022.374451,13478133
31-07-2020,1057.699951,1057.699951,1020.049988,1032.800049,1005.004883,18863348
03-08-2020,1025.949951,1026.949951,993,1002,975.033691,15891771
04-08-2020,1008,1061.050049,1003,1041.650024,1013.616638,30153084
05-08-2020,1047.949951,1055.800049,1020,1027.550049,999.896118,16610680
06-08-2020,1037,1055,1026.25,1040.699951,1012.692078,16823444
07-08-2020,1034.849976,1047.199951,1020.599976,1043.849976,1015.757385,12418392
10-08-2020,1044,1064,1043.800049,1050.650024,1022.374451,11086427
11-08-2020,1048.5,1071,1048.5,1066.650024,1037.943848,10068074
12-08-2020,1065,1066,1048,1063.699951,1035.07312,10333216
13-08-2020,1067.949951,1071.349976,1056.5,1059.050049,1030.54834,9946370
14-08-2020,1065.900024,1065.900024,1027.300049,1034.449951,1006.610413,10462256
17-08-2020,1047,1047,1020.200012,1032.75,1004.956177,9780506
18-08-2020,1028,1061.650024,1022,1056.5,1028.066895,12020412
19-08-2020,1065,1069.800049,1056.25,1066.599976,1037.895142,8857812
20-08-2020,1054.949951,1068.949951,1052,1059,1030.499634,9608367
21-08-2020,1065.400024,1088.800049,1064.599976,1085.650024,1056.432373,14462151
24-08-2020,1086,1122.949951,1085.650024,1117.050049,1086.987549,18389870
25-08-2020,1119,1127,1106.199951,1119.699951,1089.56604,13800869
26-08-2020,1121,1131.75,1109.5,1118.449951,1088.349609,12595031
27-08-2020,1125.800049,1129.900024,1106.25,1112.099976,1082.170532,10322998
28-08-2020,1111.949951,1125,1095,1114.5,1084.505981,19348305
31-08-2020,1129.5,1148.800049,1100.699951,1115.849976,1085.819702,19250583
01-09-2020,1128,1143.599976,1108,1127.300049,1096.96167,14438942
02-09-2020,1124.099976,1139,1120.699951,1134.150024,1103.627197,9880841
03-09-2020,1137.25,1145.949951,1128,1130.900024,1100.464722,9916681
04-09-2020,1110,1125.400024,1104.400024,1119.300049,1089.17688,11830685
07-09-2020,1116.300049,1119.5,1099,1110.5,1080.613647,8807733
08-09-2020,1114,1118.800049,1103,1112.449951,1082.511108,7312459
09-09-2020,1101,1110,1091.25,1096.5,1066.990479,7864436
10-09-2020,1103,1104.849976,1084,1090.550049,1061.200562,7594044
11-09-2020,1096.449951,1104.849976,1071,1078.650024,1049.62085,10397365
14-09-2020,1088,1094,1052.349976,1057.949951,1029.477905,10825295
15-09-2020,1068,1076.150024,1058.099976,1070.5,1041.690308,8252555
16-09-2020,1070.199951,1096,1068.349976,1093.650024,1064.217285,9355056
17-09-2020,1084,1094,1078,1083.599976,1054.4375,9159343
18-09-2020,1092,1092.199951,1047.199951,1057.300049,1028.845459,11740889
21-09-2020,1055,1071.349976,1041.5,1049.300049,1021.06073,9921439
22-09-2020,1054.050049,1058.150024,1029.5,1035.400024,1007.534851,9310339
23-09-2020,1046,1055,1034.349976,1047.25,1019.065979,8039914
24-09-2020,1038,1047,1025,1030.400024,1002.669434,9904755
25-09-2020,1050,1051.949951,1025.650024,1044,1015.903259,10160772
28-09-2020,1048.949951,1059,1042.650024,1054.199951,1025.828735,8076211
29-09-2020,1058,1069.900024,1051,1062.550049,1033.954224,6322223
30-09-2020,1060,1086.900024,1052,1078.599976,1049.572144,9406921
01-10-2020,1090.099976,1110,1090.099976,1106.949951,1077.15918,10601540
05-10-2020,1112,1132,1111,1114.349976,1084.359985,8470063
06-10-2020,1135.050049,1148,1126.199951,1144.099976,1113.309448,9685995
07-10-2020,1144.900024,1164.849976,1137.599976,1162.25,1130.971069,10624389
08-10-2020,1180,1203,1163.349976,1191.800049,1159.72583,17530337
09-10-2020,1201,1237,1191.650024,1233.550049,1200.352173,22486194
12-10-2020,1231.550049,1242.75,1205.599976,1213.650024,1180.987671,9610273
13-10-2020,1213.400024,1222.449951,1195,1198.449951,1166.196655,9176976
14-10-2020,1195.550049,1214.300049,1175.5,1211.5,1178.895508,11291459
15-10-2020,1214.199951,1217,1164,1169.25,1137.782593,14123448
16-10-2020,1180,1203.5,1173,1199.349976,1167.07251,12911424
19-10-2020,1235,1235,1192.599976,1203.550049,1171.159546,21179778
20-10-2020,1207.5,1227.400024,1205.900024,1223.949951,1191.010498,13705989
21-10-2020,1230.599976,1251,1221.699951,1246.699951,1213.148193,17820376
22-10-2020,1239.949951,1250,1223,1233.300049,1200.108887,10956530
23-10-2020,1243.5,1248.449951,1231.199951,1235.800049,1202.541626,7933115
26-10-2020,1229.800049,1242,1204.599976,1210.900024,1178.311768,9785988
27-10-2020,1226,1236,1197.849976,1233.099976,1199.914185,12158890
28-10-2020,1228,1232,1201.5,1209.599976,1177.046631,8285593
29-10-2020,1200.599976,1204.449951,1178.5,1187.199951,1155.24939,11530012
30-10-2020,1182.550049,1199.300049,1176.349976,1183.550049,1151.697754,5761358
02-11-2020,1194.349976,1225,1177.5,1215.25,1182.544556,10963040
03-11-2020,1226.449951,1250.75,1225.5,1247.949951,1214.364624,14082115
04-11-2020,1252,1264.800049,1230,1257.400024,1223.560303,11702411
05-11-2020,1266,1276,1252.349976,1269.199951,1235.042603,10716964
06-11-2020,1266.25,1310,1265.5,1307.650024,1272.457886,17852862
09-11-2020,1315.199951,1345.949951,1315.199951,1340.550049,1304.472534,13144220
10-11-2020,1357,1395,1351.550049,1393.650024,1356.143433,20758678
11-11-2020,1399.900024,1414.800049,1370.5,1389.949951,1352.542969,18058097
12-11-2020,1377.400024,1388.550049,1360,1371.699951,1334.78418,13526974
13-11-2020,1368.800049,1368.800049,1347,1358.800049,1322.231323,11236240
14-11-2020,1367.800049,1374.949951,1365.199951,1369.699951,1332.838013,917533
17-11-2020,1385.800049,1412.599976,1380.599976,1408.449951,1370.545166,15529950
18-11-2020,1403,1419,1399.050049,1408.699951,1370.78833,9431388
19-11-2020,1389.699951,1399.449951,1368,1374.349976,1337.362793,10133441
20-11-2020,1372.650024,1408.400024,1365.050049,1403.650024,1365.874268,10202681
23-11-2020,1415,1423.650024,1375.349976,1394.599976,1357.067749,12623318
24-11-2020,1408,1445,1402.050049,1438.199951,1399.494385,20077200
25-11-2020,1451.300049,1464.400024,1397,1402.800049,1365.047241,12076301
26-11-2020,1415,1432,1387,1426.650024,1388.255371,13971563
27-11-2020,1431.800049,1446,1415.550049,1440.849976,1402.073242,8997290
01-12-2020,1440.849976,1449,1425.5,1433.300049,1394.726318,8573787
02-12-2020,1431,1431.800049,1394.800049,1406.949951,1369.085571,8946075
03-12-2020,1429,1432,1374.050049,1377.199951,1340.136108,18966611
04-12-2020,1381,1401.449951,1373.300049,1385.599976,1348.309937,13456161
07-12-2020,1375,1379.949951,1358.099976,1372.25,1335.319336,12158159
08-12-2020,1375,1388.800049,1365.150024,1376.300049,1339.260376,9728948
09-12-2020,1377,1410.050049,1375.050049,1407.199951,1369.328735,11034537
10-12-2020,1398,1402,1375.75,1385.849976,1348.553223,9863983
11-12-2020,1390.050049,1395,1373,1382.800049,1345.585449,10678192
14-12-2020,1383,1388,1368,1372.150024,1335.222046,8611025
15-12-2020,1380.800049,1394.949951,1366,1391.300049,1353.856689,10780718
16-12-2020,1404,1416.800049,1394.5,1410.699951,1372.734497,8416046
17-12-2020,1418.599976,1445,1404.5,1441.800049,1402.997681,10962239
18-12-2020,1435,1439.699951,1406.300049,1411.349976,1373.367065,11497959
21-12-2020,1417.5,1423.849976,1366.699951,1372.650024,1335.708618,11880912
22-12-2020,1384.800049,1384.800049,1345,1373.099976,1336.146362,11425779
23-12-2020,1367.5,1380.949951,1361.050049,1375.650024,1338.627808,7733697
24-12-2020,1389.400024,1404,1377,1397.099976,1359.50061,7476094
28-12-2020,1405,1421,1404,1412.849976,1374.82666,5849597
29-12-2020,1421.050049,1434.75,1420,1427.199951,1388.790527,7247673
30-12-2020,1439.900024,1439.900024,1413,1432.5,1393.947876,8108363
31-12-2020,1435,1444,1425.050049,1436.300049,1397.64563,11072875
01-01-2021,1440,1443,1420.599976,1425.050049,1386.698486,4405469
04-01-2021,1438,1438,1399,1416,1377.891968,7870096
05-01-2021,1419.199951,1430.75,1409,1426.699951,1388.303833,7193412
06-01-2021,1435,1440,1413.099976,1420.550049,1382.319458,11067025
07-01-2021,1432.5,1432.599976,1412.550049,1416.25,1378.135254,9947421
08-01-2021,1432,1442,1423.099976,1431.650024,1393.12085,6884382
11-01-2021,1450,1464.900024,1436.300049,1451.449951,1412.387817,8665696
12-01-2021,1452.449951,1487.699951,1449.099976,1481,1441.142578,10194078
13-01-2021,1492.900024,1496.900024,1462.099976,1470.650024,1431.071289,8467325
14-01-2021,1471.150024,1488,1456,1468.75,1429.222412,6148583
15-01-2021,1469.099976,1471.650024,1445,1466.650024,1427.178833,7082618
18-01-2021,1469.900024,1502.849976,1467,1483.099976,1443.186035,21412816
19-01-2021,1491.800049,1511.650024,1467,1503.849976,1463.377686,8680127
20-01-2021,1501,1501,1486,1492,1451.846558,6673026
21-01-2021,1492,1494.349976,1468.150024,1474.800049,1435.109497,13166527
22-01-2021,1467.900024,1467.900024,1440.150024,1443.550049,1404.700439,7696182
25-01-2021,1465.099976,1481,1455.150024,1462.849976,1423.481079,10172359
27-01-2021,1468,1471.900024,1406.150024,1409.599976,1371.664185,11778138
28-01-2021,1389.900024,1401.300049,1342,1371.449951,1334.540894,21352223
29-01-2021,1391.349976,1408.75,1364.5,1390.5,1353.078125,14352251
01-02-2021,1410.25,1482.5,1401,1476.75,1437.006958,13185272
02-02-2021,1501,1578.5,1497.400024,1560.550049,1518.551758,21210103
03-02-2021,1579,1581.699951,1542,1574.800049,1532.418213,10118627
04-02-2021,1566,1588,1543.449951,1579.099976,1536.602417,12242342
05-02-2021,1548,1618.25,1548,1597.599976,1554.604614,13527358
08-02-2021,1620,1631.650024,1595.699951,1605.25,1562.048706,8723790
09-02-2021,1610,1628,1586.699951,1611.849976,1568.471069,9210683
10-02-2021,1608.349976,1614.849976,1567,1581.75,1539.181152,9894003
11-02-2021,1582,1597.800049,1564.199951,1572.349976,1530.03418,6824309
12-02-2021,1573.900024,1592.5,1573,1581.949951,1539.375854,4955053
15-02-2021,1600.099976,1625,1596.699951,1616.599976,1573.09314,5177622
16-02-2021,1621.199951,1641,1608.449951,1626.650024,1582.872925,6948679
17-02-2021,1620,1621.800049,1583,1586.5,1543.803345,6397213
18-02-2021,1605.949951,1605.949951,1548,1554.300049,1512.469971,7360280
19-02-2021,1545,1564.199951,1533,1539.099976,1497.678955,8569754
22-02-2021,1545.050049,1573.900024,1539.449951,1548,1506.339478,14725919
23-02-2021,1553.75,1557.699951,1522.650024,1529.150024,1487.996826,9119953
24-02-2021,1526.5,1613.949951,1516.25,1606.449951,1563.216431,7157166
25-02-2021,1609.75,1636.25,1602,1606.400024,1563.167847,10054785
26-02-2021,1587.050049,1588.900024,1521,1534.400024,1493.105469,13956423
01-03-2021,1564,1572.550049,1540.699951,1558.900024,1516.946167,6768009
02-03-2021,1575.699951,1587.5,1551,1568.199951,1525.995728,8055019
03-03-2021,1584,1596,1565,1586.849976,1544.144043,5611205
04-03-2021,1548.550049,1571,1539.099976,1552.050049,1510.280518,8145719
05-03-2021,1531,1545.599976,1521.099976,1530,1488.823975,8722911
08-03-2021,1542,1555,1512.5,1519.5,1478.606445,7558525
09-03-2021,1545,1565.699951,1538.25,1562.5,1520.449219,7533348
10-03-2021,1572,1575,1552.150024,1555.75,1513.880981,5527508
12-03-2021,1600,1600,1535.050049,1551.949951,1510.183105,7815602
15-03-2021,1548.400024,1548.400024,1515.300049,1528.650024,1487.510254,6115193
16-03-2021,1530.900024,1540.400024,1510,1512.150024,1471.454346,6861183
17-03-2021,1524.25,1539,1490.199951,1495.349976,1455.106445,10532214
18-03-2021,1511.75,1522.050049,1481.150024,1491,1450.873413,9032770
19-03-2021,1485,1511.199951,1474.050049,1497.5,1457.198608,10617510
22-03-2021,1494.900024,1494.900024,1460.400024,1469.150024,1429.611694,7007816
23-03-2021,1470,1507.449951,1469.099976,1500.150024,1459.777222,9880714
24-03-2021,1490.900024,1506.449951,1471,1478.800049,1439.001831,8184450
25-03-2021,1490.199951,1495.550049,1450.25,1463.349976,1423.967529,11982178
26-03-2021,1494,1499,1474,1491.300049,1451.165527,6010629
30-03-2021,1506.650024,1562.550049,1501.550049,1553.699951,1511.885986,12803822
31-03-2021,1548,1548,1488,1493.650024,1453.452271,15387253
01-04-2021,1499.400024,1499.400024,1465,1486.75,1446.737793,17881881
05-04-2021,1480,1485,1431,1449.599976,1410.587769,8003293
06-04-2021,1460,1462.650024,1432.650024,1440.25,1401.489258,7537867
07-04-2021,1439.300049,1456.699951,1421.550049,1447.199951,1408.252197,12544090
08-04-2021,1453,1460.900024,1430.5,1432.800049,1394.239868,8806796
09-04-2021,1426,1432.800049,1415.099976,1421.75,1383.487183,14078908
12-04-2021,1393,1399,1353,1367.050049,1330.259399,11274564
13-04-2021,1368,1406.449951,1361,1400.349976,1362.663086,9300341
15-04-2021,1405,1436.699951,1391,1430.099976,1391.612427,17222492
16-04-2021,1434.949951,1445,1423.5,1428.650024,1390.201416,7803263
19-04-2021,1390,1417.699951,1372.300049,1412.400024,1374.388794,12034621
20-04-2021,1425,1426.400024,1383.949951,1391.400024,1353.953979,11593135
22-04-2021,1380,1426.800049,1371.050049,1422.5,1384.217041,19242656
23-04-2021,1409,1434.599976,1400.199951,1414.150024,1376.091675,11356764
26-04-2021,1413,1429,1402.75,1404.800049,1366.993408,15085476
27-04-2021,1407.25,1442,1404.800049,1438.699951,1399.981079,10296453
28-04-2021,1436.25,1479,1431,1476.800049,1437.055786,12051970
29-04-2021,1486.199951,1503.650024,1461,1472.5,1432.871338,12039276
30-04-2021,1445,1453.800049,1407.5,1412.300049,1374.291626,17616451
03-05-2021,1393,1421.900024,1377.300049,1414.449951,1376.383545,11236850
04-05-2021,1409.949951,1423,1383.300049,1388.349976,1350.986084,10743164
05-05-2021,1401,1409.599976,1381.699951,1402.599976,1364.852539,7210806
06-05-2021,1407.599976,1410.800049,1395,1400.900024,1363.198242,5738522
07-05-2021,1412.949951,1424.949951,1410.25,1414.75,1376.675537,6024167
10-05-2021,1427,1430,1412.800049,1419.849976,1381.638306,5530025
11-05-2021,1396,1424.199951,1395.050049,1403.550049,1365.7771,7259517
12-05-2021,1399.75,1408.599976,1388.849976,1399.5,1361.83606,6887463
14-05-2021,1394.349976,1398.900024,1382.349976,1386.849976,1349.526489,5302071
17-05-2021,1395.150024,1442.599976,1381.300049,1440.25,1401.489258,7560346
18-05-2021,1458.949951,1482.75,1455,1476.699951,1436.958252,11082640
19-05-2021,1470.199951,1478.849976,1452.550049,1458.199951,1418.956177,5065458
20-05-2021,1458.349976,1465.900024,1428.5,1432.800049,1394.239868,5342092
21-05-2021,1443,1501.900024,1443,1497.300049,1457.004028,9670823
24-05-2021,1503.25,1520.449951,1498.5,1509.949951,1469.313354,11073051
25-05-2021,1510.5,1513.75,1470.5,1478.949951,1439.147705,9618487
26-05-2021,1480,1487,1470,1477.050049,1437.29895,6141995
27-05-2021,1473.099976,1489,1462.449951,1482.650024,1442.748169,10219748
28-05-2021,1490.900024,1513,1478.75,1503.449951,1462.988403,8875010
31-05-2021,1500,1519.5,1487.5,1515.849976,1475.054688,7830527
01-06-2021,1520.300049,1527,1507.25,1511.699951,1471.016479,5515081
02-06-2021,1510,1510.199951,1493,1504,1463.523682,5312008
03-06-2021,1508,1524.949951,1487.75,1520.550049,1479.628296,5143630
04-06-2021,1516,1520.650024,1499.199951,1500.949951,1460.555664,4712238
07-06-2021,1510,1514,1496,1499.849976,1459.485229,4045834
08-06-2021,1496.550049,1501.300049,1481.5,1483.050049,1443.137451,4936270
09-06-2021,1483.900024,1502,1472.050049,1480.300049,1440.461426,5111721
10-06-2021,1482.099976,1489,1473.650024,1481.050049,1441.191406,5741770
11-06-2021,1491,1496.550049,1481.050049,1486.349976,1446.348633,3602987
14-06-2021,1478.25,1486,1462.550049,1479.449951,1439.634277,4440982
15-06-2021,1486,1496,1474.800049,1490.25,1450.143677,3784801
16-06-2021,1488,1494,1478.099976,1484.599976,1444.645752,3851049
17-06-2021,1466,1478.75,1460,1466.099976,1426.643555,4641901
18-06-2021,1469.5,1490,1455,1479.800049,1439.974976,5969030
21-06-2021,1461.349976,1491.800049,1459,1488.699951,1448.635498,3630236
22-06-2021,1497,1508,1480,1483.800049,1443.867432,7183412
23-06-2021,1490,1497.800049,1478.599976,1485.5,1445.521606,3922434
24-06-2021,1490,1513.449951,1488,1506.25,1465.713135,7392512
25-06-2021,1511.099976,1522,1507,1515.099976,1474.324951,5191588
28-06-2021,1520,1523,1505,1508.349976,1467.75647,4678393
29-06-2021,1507,1508.199951,1492.150024,1502.050049,1467.952148,5485846
30-06-2021,1498,1509,1494.099976,1497.900024,1463.89624,4839511
01-07-2021,1502,1502,1483,1486.75,1452.99939,8455721
02-07-2021,1485,1489.25,1477,1480.400024,1446.793579,7413518
05-07-2021,1489.949951,1504.5,1484.550049,1495.449951,1461.501831,3686941
06-07-2021,1497,1540,1496,1534.699951,1499.860718,8834516
07-07-2021,1534,1545.349976,1527.699951,1539.5,1504.55188,4814595
08-07-2021,1525,1537.699951,1513.449951,1520.449951,1485.934326,4210461
09-07-2021,1512.550049,1516,1497.5,1502,1467.903076,5347921
12-07-2021,1502,1502,1484,1487,1453.243774,7229489
13-07-2021,1496.099976,1506.099976,1484.099976,1501.849976,1467.75647,9089071
14-07-2021,1497.5,1507.349976,1491.099976,1499.150024,1465.11792,4894247
15-07-2021,1505,1526.75,1499.650024,1520.699951,1486.178711,5219401
16-07-2021,1527.949951,1529.949951,1518.800049,1522.349976,1487.791138,2585314
19-07-2021,1487,1488.849976,1466,1471,1437.606934,12555800
20-07-2021,1442,1454,1436.150024,1443.150024,1410.38916,12087125
22-07-2021,1456.099976,1468.5,1445,1448.699951,1415.81311,6603557
23-07-2021,1451.5,1457.449951,1435.300049,1442.75,1409.998291,6563342
26-07-2021,1430,1444,1428.099976,1434.550049,1401.984375,6583583
27-07-2021,1436.099976,1449.900024,1436.099976,1439.75,1407.066284,11200715
28-07-2021,1435.050049,1438.699951,1404,1417.300049,1385.125977,10335171
29-07-2021,1428.25,1429.949951,1413.300049,1418.25,1386.054321,6851115
30-07-2021,1419,1431.75,1407.949951,1426.449951,1394.068115,5827744
02-08-2021,1435,1435,1416.25,1422.650024,1390.354492,6629393
03-08-2021,1410,1439.900024,1410,1434.699951,1402.130859,6016560
04-08-2021,1441,1474.5,1440,1465.300049,1432.036377,11026974
05-08-2021,1467.099976,1507.050049,1457.400024,1484.849976,1451.142456,9411204
06-08-2021,1483.550049,1500,1474,1492.650024,1458.765503,6669635
09-08-2021,1492,1507.349976,1476,1503.900024,1469.760132,5499024
10-08-2021,1489,1519.75,1489,1507.650024,1473.424927,7419173
11-08-2021,1514.900024,1518.849976,1491.050049,1494.949951,1461.013184,6292893
12-08-2021,1497,1507.599976,1489.300049,1501.400024,1467.316772,4298837
13-08-2021,1501.199951,1531,1501,1526.199951,1491.553833,8329214
16-08-2021,1526.150024,1535,1521.449951,1530.599976,1495.853882,3126389
17-08-2021,1517.199951,1524,1505.300049,1514.650024,1480.265991,4141333
18-08-2021,1556.699951,1565.349976,1508.349976,1513,1478.653442,11492966
20-08-2021,1486.050049,1519.800049,1486.050049,1514.75,1480.36377,6575203
23-08-2021,1529.849976,1533.150024,1508.650024,1524.599976,1489.990112,5421527
24-08-2021,1530,1564.5,1527.449951,1558.849976,1523.462524,9190657
25-08-2021,1552.099976,1564.800049,1548,1557.400024,1522.045532,3863987
26-08-2021,1550,1571,1543.449951,1554.800049,1519.504517,5559501
27-08-2021,1552,1558.650024,1545.25,1548.449951,1513.298706,3191069
30-08-2021,1555.599976,1570,1551.599976,1568.25,1532.64917,4524583
31-08-2021,1563.5,1583.349976,1562.199951,1581.400024,1545.500732,6031288
01-09-2021,1575,1598,1574.5,1579.099976,1543.252808,6211279
02-09-2021,1574.099976,1592,1571.25,1589,1552.928223,4809262
03-09-2021,1586.099976,1598,1568.300049,1576.050049,1540.272217,5367667
06-09-2021,1579.949951,1580.949951,1561.949951,1565.699951,1530.157104,3938448
07-09-2021,1562.5,1582,1555.199951,1569.25,1533.626465,3622748
08-09-2021,1571.949951,1580.5,1565.599976,1576.400024,1540.614258,3362040
09-09-2021,1574,1579.449951,1561,1568.599976,1532.991333,4125474
13-09-2021,1562,1584,1553.650024,1555.550049,1520.237671,4479582
14-09-2021,1560,1564.5,1546.599976,1548.550049,1513.396484,4879253
15-09-2021,1535,1554.800049,1535,1546.800049,1511.686157,7411499
16-09-2021,1537.75,1564.300049,1536.300049,1559.949951,1524.537598,5130275
17-09-2021,1569,1589,1559.199951,1582.150024,1546.233765,10249051
20-09-2021,1564,1581.699951,1558,1559.849976,1524.439819,4390805
21-09-2021,1562,1568.650024,1528.949951,1551.949951,1516.719238,7387498
22-09-2021,1549,1550.150024,1530,1533.699951,1498.883545,5291101
23-09-2021,1542,1572,1542,1570,1534.359497,6832152
24-09-2021,1579,1607.949951,1575,1601.550049,1565.193359,10403351
27-09-2021,1615.699951,1635.5,1608,1625.099976,1588.208618,8207731
28-09-2021,1632,1632,1582,1615.050049,1578.386841,6386895
29-09-2021,1597,1606.599976,1585.150024,1593.849976,1557.667969,8131518
30-09-2021,1586,1606.349976,1583.099976,1594.949951,1558.743042,7987674
01-10-2021,1583,1589,1565.25,1582.699951,1546.771118,5564298
04-10-2021,1589,1601.349976,1583.599976,1585.75,1549.751953,3525514
05-10-2021,1592,1597.5,1576.25,1595.449951,1559.231689,5128589
06-10-2021,1596,1626.849976,1587,1614.900024,1578.240234,9300415
07-10-2021,1626.599976,1627.699951,1607,1610.5,1573.940186,5632862
08-10-2021,1612,1622,1600.150024,1602.650024,1566.268311,3622781
11-10-2021,1599.900024,1645,1599,1633.800049,1596.711304,6540424
12-10-2021,1625,1641.550049,1625,1629.599976,1592.606567,4088473
13-10-2021,1637,1648,1630,1639.400024,1602.184082,3112822
14-10-2021,1638,1690,1638,1687.400024,1649.09436,7378644
18-10-2021,1705,1725,1667.050049,1670.300049,1632.38269,14428228
19-10-2021,1675.449951,1692.449951,1671,1688.699951,1650.364868,4493770
20-10-2021,1689.099976,1698.75,1664.449951,1673.849976,1635.851929,5454284
21-10-2021,1671.800049,1681.949951,1660.849976,1676.300049,1638.246338,4869095
22-10-2021,1680.099976,1708,1670.75,1680.75,1642.595337,6087777
25-10-2021,1690,1690,1613.800049,1657,1619.384521,8213383
26-10-2021,1650,1673.849976,1646.349976,1652.75,1615.231079,6045328
27-10-2021,1652.75,1665.050049,1637.300049,1642.800049,1605.506958,6624821
28-10-2021,1650,1650,1587.150024,1593.599976,1557.423828,8898875
29-10-2021,1590,1602,1560,1582.849976,1546.917725,6203437
01-11-2021,1585,1611,1583.550049,1605.300049,1568.858276,4061160
02-11-2021,1606,1622,1600.050049,1606.75,1570.275269,6618861
03-11-2021,1605.099976,1609.900024,1575.550049,1581.449951,1545.549561,5103669
04-11-2021,1595,1597.849976,1590.099976,1593.949951,1557.765747,548404
08-11-2021,1592.099976,1604.699951,1570.449951,1600.25,1563.922852,9471790
09-11-2021,1594.599976,1594.599976,1569.050049,1572.25,1536.558472,6347738
10-11-2021,1568,1569,1550,1555.25,1519.944458,6857063
11-11-2021,1550.050049,1554.900024,1535.599976,1548.300049,1513.1521,3999702
12-11-2021,1550,1559.050049,1545.050049,1553,1517.745483,7457046
15-11-2021,1562.099976,1571.849976,1554.400024,1557.25,1521.898926,4766797
16-11-2021,1555,1557.199951,1541.599976,1548,1512.858887,4122703
17-11-2021,1536.900024,1544,1528.5,1530.800049,1496.049316,3799439
18-11-2021,1526.050049,1543.5,1525.25,1539.400024,1504.454224,4576437
22-11-2021,1546,1552.699951,1499.050049,1515.349976,1480.950073,7630636
23-11-2021,1502,1527.800049,1496.349976,1515.550049,1481.14563,5617607
24-11-2021,1524,1536.349976,1514.050049,1518.050049,1483.588867,15401143
25-11-2021,1514.800049,1533.300049,1507,1525.949951,1491.309448,5125826
26-11-2021,1500,1506.699951,1485,1489.900024,1456.077881,9312468
29-11-2021,1494.800049,1507.650024,1462,1501.25,1467.170166,6495498
30-11-2021,1495,1529,1486.550049,1493.550049,1459.64502,12610771
01-12-2021,1495,1507.050049,1489.099976,1504.650024,1470.493042,4338817
02-12-2021,1504.5,1528.800049,1500,1525.75,1491.114136,5601555
03-12-2021,1525.800049,1535.949951,1507.050049,1513.550049,1479.19104,4062347
06-12-2021,1513,1518.800049,1497.349976,1503.800049,1469.662354,3514766
07-12-2021,1513.949951,1532,1509.900024,1525.699951,1491.065063,6213767
08-12-2021,1536,1555.050049,1534,1553.800049,1518.527222,7647767
09-12-2021,1545.199951,1554.699951,1522,1526.849976,1492.188965,5873872
10-12-2021,1524.900024,1528,1508.449951,1522.550049,1487.986694,3889692
13-12-2021,1526,1537.650024,1507.199951,1511.150024,1476.845581,5161071
14-12-2021,1502.5,1516,1497.050049,1502.449951,1468.342896,4595550
15-12-2021,1503,1523.349976,1495.650024,1500,1465.948608,5057574
16-12-2021,1512.800049,1517,1494,1500.099976,1466.046265,6605216
17-12-2021,1497,1506,1467.699951,1473.050049,1439.610352,7497384
20-12-2021,1452,1458,1414.099976,1425.650024,1393.286499,10578334
21-12-2021,1439.5,1450.75,1430,1441.800049,1409.069824,4559375
22-12-2021,1452.300049,1456,1435.699951,1445.199951,1412.392578,4288742
23-12-2021,1453.25,1457.800049,1436.849976,1444.099976,1411.317505,4889583
24-12-2021,1445.5,1452,1428,1438.900024,1406.235596,2780512
27-12-2021,1428.900024,1454,1422.150024,1450.800049,1417.865479,2352549
28-12-2021,1460.699951,1466.900024,1453.400024,1460.800049,1427.63855,2725339
29-12-2021,1456.050049,1461,1447.400024,1453.849976,1420.846191,3834351
30-12-2021,1458.5,1466.849976,1445,1461.5,1428.32251,3607959
31-12-2021,1461.5,1484.800049,1461.5,1479.400024,1445.816162,3162868
03-01-2022,1485,1523,1480.5,1519.650024,1485.152466,4534592
04-01-2022,1520,1532.900024,1507.800049,1528.550049,1493.850464,4428676
05-01-2022,1536.800049,1572,1528.099976,1564.849976,1529.326416,7166319
06-01-2022,1543,1554.75,1530.050049,1539.75,1504.796143,4814465
07-01-2022,1544,1566.75,1535.900024,1550.550049,1515.351074,5589692
10-01-2022,1558,1572,1545.5,1559.150024,1523.755737,4428248
11-01-2022,1561.550049,1568.699951,1547.800049,1565.900024,1530.352539,4194599
12-01-2022,1568,1576.650024,1552,1556.650024,1521.312622,10542765
13-01-2022,1555,1555,1520.400024,1528,1493.312988,20981948
14-01-2022,1530,1548.699951,1519,1545.150024,1510.07373,5604484
17-01-2022,1530,1556,1519.150024,1521.5,1486.960449,11494686
18-01-2022,1533,1550.900024,1523,1529.25,1494.534546,6170576
19-01-2022,1534,1539.75,1513.349976,1518.449951,1483.979736,7158813
20-01-2022,1528.449951,1528.5,1500.099976,1509,1474.744263,7598923
21-01-2022,1500,1529.800049,1485.599976,1521.599976,1487.058228,5768847
24-01-2022,1509.949951,1521.25,1467.550049,1486.650024,1452.901611,5934254
25-01-2022,1458.650024,1495,1444,1488.050049,1454.269897,6797124
27-01-2022,1450,1485,1435,1474.949951,1441.467163,14308919
28-01-2022,1477.5,1486.699951,1460,1463.25,1430.032837,12462604
31-01-2022,1472.75,1491.550049,1466.800049,1485.699951,1451.973145,6421273
01-02-2022,1508.5,1517,1473.449951,1497,1463.016724,7369742
02-02-2022,1511.949951,1535,1505.599976,1531.199951,1496.440186,6984645
03-02-2022,1528.75,1539.949951,1509,1515.349976,1480.950073,5282381
04-02-2022,1528.400024,1532.849976,1514.099976,1524,1489.403687,5789979
07-02-2022,1512.099976,1519,1460,1468.150024,1434.821533,6134021
08-02-2022,1476.400024,1478.449951,1444.550049,1461.849976,1428.664673,6990565
09-02-2022,1474,1499.699951,1467,1497.599976,1463.603027,5654171
10-02-2022,1514,1535.5,1501.650024,1525.099976,1490.47876,7157265
11-02-2022,1500.25,1525,1499.5,1518.849976,1484.370605,5355552
14-02-2022,1490,1499.449951,1469.300049,1473.699951,1440.245605,7328310
15-02-2022,1476,1524.900024,1473.050049,1517.800049,1483.344604,6567533
16-02-2022,1534.349976,1534.75,1507,1515.75,1481.340942,5016132
17-02-2022,1513.099976,1522,1502,1506.5,1472.300903,3675604
18-02-2022,1498.300049,1517,1490.449951,1512.349976,1478.018188,3898064
21-02-2022,1504,1530.699951,1495.550049,1522.099976,1487.546875,3734033
22-02-2022,1489.800049,1522.099976,1487.949951,1510.699951,1476.40564,4768098
23-02-2022,1525.099976,1525.699951,1495.650024,1500.900024,1466.828247,4514781
24-02-2022,1449.900024,1474.949951,1407.150024,1419.400024,1387.178223,11815383
25-02-2022,1439.949951,1465.900024,1432.849976,1456.099976,1423.045166,9159327
28-02-2022,1426,1438.550049,1414.050049,1426.25,1393.872803,12440416
02-03-2022,1386.5,1398.400024,1354.400024,1374.25,1343.053223,19252780
03-03-2022,1381,1392,1362.900024,1371,1339.877075,8763961
04-03-2022,1360,1386,1336.900024,1366.5,1335.479248,10609682
07-03-2022,1318.5,1332.349976,1297.050049,1324.800049,1294.72583,13527229
08-03-2022,1302.199951,1334,1292,1327.800049,1297.657715,19606246
09-03-2022,1330,1374.699951,1318.849976,1371.150024,1340.023682,11567347
10-03-2022,1427,1427,1380.25,1392.699951,1361.084351,11136603
11-03-2022,1388,1408.949951,1372.699951,1396.800049,1365.091309,7575390
14-03-2022,1415,1450,1415,1442.550049,1409.802734,12509063
15-03-2022,1443.5,1449.5,1411.75,1424,1391.673828,9433964
16-03-2022,1447,1455,1436.199951,1448.150024,1415.275635,6682054
17-03-2022,1472,1489.800049,1470.550049,1480.050049,1446.451538,7411977
21-03-2022,1487,1493.650024,1472.800049,1486.5,1452.755005,6128938
22-03-2022,1481.300049,1498,1457.199951,1494.150024,1460.231445,5230907
23-03-2022,1507,1518.800049,1473.599976,1479.25,1445.669556,15594128
24-03-2022,1466,1469.650024,1434.550049,1442.650024,1409.900513,10080022
25-03-2022,1451,1452,1419,1430.900024,1398.417236,8183231
28-03-2022,1430.900024,1438,1401.599976,1432.800049,1400.27417,7877443
29-03-2022,1441,1460.25,1430,1451.800049,1418.842773,6188724
30-03-2022,1472,1482.75,1454.050049,1476.949951,1443.421753,10054871
31-03-2022,1471,1484.699951,1465.900024,1470.349976,1436.97168,7147857
01-04-2022,1476.400024,1510,1470.300049,1506,1471.812378,7284278
04-04-2022,1580,1722.099976,1562.550049,1656.800049,1619.189209,48725485
05-04-2022,1666.699951,1666.699951,1602,1608.25,1571.741211,15461291
06-04-2022,1587.699951,1589.800049,1547.349976,1550.849976,1515.644165,13513930
07-04-2022,1541.300049,1541.349976,1513.699951,1516.75,1482.318237,20390866
08-04-2022,1512.099976,1525.75,1497.300049,1514.650024,1480.265991,20628161
11-04-2022,1506,1510,1493.25,1496.150024,1462.186035,10399533
12-04-2022,1484,1506.849976,1480.150024,1493.5,1459.596191,13717701
13-04-2022,1490,1502.300049,1462.650024,1464.949951,1431.694214,14446260
18-04-2022,1418.849976,1431.650024,1390.050049,1395.449951,1363.771973,22810188
19-04-2022,1380.900024,1389.550049,1327,1342.199951,1311.730835,37048011
20-04-2022,1354.449951,1359.900024,1335.349976,1354.300049,1323.556152,24662868
21-04-2022,1365,1379.800049,1353.300049,1374.349976,1343.151001,26223135
22-04-2022,1360,1375.349976,1349.150024,1355.599976,1324.826538,10329574
25-04-2022,1350,1370.650024,1322.25,1365.75,1334.746094,10467744
26-04-2022,1372,1381.949951,1357.150024,1372.050049,1340.903198,8508421
27-04-2022,1360,1379,1356.099976,1372.550049,1341.391846,9027167
28-04-2022,1372,1379,1362.099976,1371.349976,1340.218994,10386861
29-04-2022,1380.349976,1404.75,1371.550049,1384.599976,1353.168335,14200738
02-05-2022,1362.050049,1406.449951,1362.050049,1403.699951,1371.834717,9747158
04-05-2022,1400,1403.599976,1350,1356,1325.217529,14527958
05-05-2022,1375,1375,1346.5,1352.949951,1322.236694,8931456
06-05-2022,1330,1335,1313,1317.599976,1287.689087,13365634
09-05-2022,1300,1326.5,1295.5,1319.849976,1289.888062,16381217
10-05-2022,1315.050049,1353,1315.050049,1341.050049,1310.606934,10056906
11-05-2022,1353,1355,1328.650024,1348.599976,1317.985474,8551462
12-05-2022,1321.099976,1326.800049,1293,1303.050049,1288.276245,11191145
13-05-2022,1310.050049,1318,1287,1291.349976,1276.708862,8384119
16-05-2022,1299,1312,1285.300049,1305.099976,1290.302856,4902178
17-05-2022,1312.599976,1317,1298.199951,1314,1299.102051,8320722
18-05-2022,1324.050049,1333.300049,1310,1313.900024,1299.003174,7866192
19-05-2022,1286.199951,1296.400024,1278.300049,1287.050049,1272.457642,10268753
20-05-2022,1303,1324.199951,1292.349976,1320.949951,1305.973145,6959675
23-05-2022,1314,1329.949951,1299.099976,1304,1289.215454,9743160
24-05-2022,1300,1325,1296.900024,1318.949951,1303.99585,6435398
25-05-2022,1330,1335.949951,1323.199951,1328.800049,1313.734253,6443556
26-05-2022,1342.150024,1371,1340,1366.699951,1351.204468,13496214
27-05-2022,1371.800049,1394.699951,1370.75,1392.050049,1376.267212,12015859
30-05-2022,1410.25,1420.5,1398.449951,1401.550049,1385.659424,6312337
31-05-2022,1395.900024,1404.800049,1380,1388.949951,1373.202148,6742694
01-06-2022,1380,1400.449951,1379.150024,1394.849976,1379.035278,6045948
02-06-2022,1387.25,1388,1378.599976,1385.099976,1369.395874,5737510
03-06-2022,1398.300049,1400.75,1376.300049,1380.300049,1364.650391,3478622
06-06-2022,1376.300049,1387,1360.650024,1378.449951,1362.821289,3086633
07-06-2022,1362,1374.300049,1354.099976,1362.599976,1347.151001,5126983
08-06-2022,1373.300049,1381,1357,1367.400024,1351.896606,2993294
09-06-2022,1362.25,1382.050049,1357.150024,1377.699951,1362.079712,3655908
10-06-2022,1360.099976,1367.949951,1343.599976,1351.099976,1335.781372,4577715
13-06-2022,1323.599976,1330,1308.300049,1326.599976,1311.559204,5446286
14-06-2022,1311.25,1326,1305,1312,1297.124756,5935178
15-06-2022,1301.650024,1315.800049,1298.400024,1307.449951,1292.626221,5905235
16-06-2022,1310,1320.550049,1278,1281.300049,1266.772827,6084596
17-06-2022,1275,1299,1271.599976,1289.75,1275.126953,7361961
20-06-2022,1304.699951,1325,1294.150024,1322.150024,1307.159668,7968420
21-06-2022,1336.900024,1354,1324.050049,1336.550049,1321.396362,6610342
22-06-2022,1332.25,1336.949951,1323.199951,1330.25,1315.167847,4079849
23-06-2022,1330.5,1348,1318.5,1335.150024,1320.012207,7686122
24-06-2022,1338.550049,1361.650024,1338.550049,1353.800049,1338.450806,4006716
27-06-2022,1370,1376,1352,1356.25,1340.873047,4902082
28-06-2022,1344,1351,1338.400024,1345.900024,1330.640381,4885287
29-06-2022,1331.25,1350.75,1331.25,1343.949951,1328.712402,4997023
30-06-2022,1336,1354,1336,1348,1332.716553,6237911
01-07-2022,1343.949951,1360,1330.050049,1353.75,1338.401367,5736226
04-07-2022,1353.699951,1360.199951,1342.25,1355.650024,1340.279785,4243740
05-07-2022,1364,1379.349976,1348.300049,1352.599976,1337.264404,7162859
06-07-2022,1348,1373.400024,1347.099976,1371.25,1355.702881,7524539
07-07-2022,1380,1398,1374.449951,1395.800049,1379.974609,8871571
08-07-2022,1410,1410,1394.75,1397.099976,1381.259888,6237015
11-07-2022,1394,1409.900024,1393.25,1406.150024,1390.207275,3731416
12-07-2022,1405.25,1405.25,1389.400024,1391.800049,1376.02002,4938487
13-07-2022,1390,1394.199951,1354.25,1357.849976,1342.454834,7972805
14-07-2022,1362,1372.650024,1349.25,1351.050049,1335.732056,5186205
15-07-2022,1353,1364.900024,1346.800049,1362.050049,1346.6073,6797823
18-07-2022,1348,1366.099976,1342.050049,1347.550049,1332.271729,10166110
19-07-2022,1337,1358.550049,1337,1348.050049,1332.765991,7896269
20-07-2022,1359.900024,1371.099976,1355.25,1365.050049,1349.573242,10173931
21-07-2022,1360.550049,1369.5,1358.099976,1360.75,1345.322021,6320139
22-07-2022,1366,1397,1362.400024,1392.5,1376.712036,6364796
25-07-2022,1395,1404.599976,1383.300049,1396.599976,1380.765503,5071563
26-07-2022,1396,1402,1386.300049,1393.75,1377.947876,4263982
27-07-2022,1388.900024,1406,1384.25,1404.400024,1388.477051,4606389
28-07-2022,1415.050049,1424,1411,1416.849976,1400.785889,8710203
29-07-2022,1438,1438.599976,1415.300049,1434.199951,1417.939209,10009868
01-08-2022,1439,1448.449951,1430.050049,1446.150024,1429.753784,6596518
02-08-2022,1442,1444.599976,1423.050049,1430.25,1414.034058,7518255
03-08-2022,1424.949951,1435.75,1417,1433.599976,1417.345947,5487749
04-08-2022,1440,1446.699951,1412.949951,1431.900024,1415.665283,6006103
05-08-2022,1433,1436.949951,1421.150024,1427.050049,1410.870361,4634491
08-08-2022,1428,1464.5,1427.099976,1462.050049,1445.473511,7678868
10-08-2022,1461.349976,1471.5,1449.050049,1466.300049,1449.675293,8676551
11-08-2022,1486.5,1491,1474.550049,1485.699951,1468.855225,9150883
12-08-2022,1485,1489.300049,1475.949951,1485.150024,1468.311523,4425185
16-08-2022,1494.800049,1508.5,1488.050049,1502.150024,1485.118774,6281878
17-08-2022,1500,1512.75,1485.75,1509.900024,1492.781006,6192175
18-08-2022,1500,1513.900024,1499.650024,1511.699951,1494.560425,4171069
19-08-2022,1510,1512,1490,1493.050049,1476.12207,4031851
22-08-2022,1484.800049,1488.349976,1467.699951,1470.349976,1453.679321,4117033
23-08-2022,1453.300049,1475.949951,1450.400024,1465.800049,1449.18103,7483442
24-08-2022,1461.900024,1475.5,1459.199951,1472.849976,1456.151001,6727760
25-08-2022,1479.900024,1486.800049,1457,1464.849976,1448.241699,5911520
26-08-2022,1472.050049,1481.800049,1461.199951,1465.099976,1448.488892,3853088
29-08-2022,1437,1446,1428.599976,1439.400024,1423.080322,4326589
30-08-2022,1446.449951,1489.949951,1443.099976,1486.099976,1469.250732,5067700
01-09-2022,1464.75,1489.449951,1459,1472.150024,1455.458984,11201568
02-09-2022,1472.150024,1490.5,1465.199951,1485.5,1468.657593,6019043
05-09-2022,1486.099976,1499,1484.099976,1495.050049,1478.099365,6065966
06-09-2022,1498.900024,1506.650024,1486.449951,1489.349976,1472.463867,6119348
07-09-2022,1471.300049,1490,1471.300049,1482.300049,1465.493896,4888103
08-09-2022,1490.099976,1500,1482.150024,1497.599976,1480.620361,5582345
09-09-2022,1496.199951,1509,1494.050049,1498.599976,1481.609009,7564444
12-09-2022,1500,1504,1490,1493.550049,1476.616333,5540246
13-09-2022,1498.900024,1515.900024,1498.550049,1513.099976,1495.94458,6500983
14-09-2022,1494.050049,1538.900024,1492.349976,1528.650024,1511.318359,10109880
15-09-2022,1530,1540.949951,1512,1520.699951,1503.458496,6769686
16-09-2022,1503.099976,1514.699951,1483,1492.75,1475.825439,10280023
19-09-2022,1489,1514,1480,1502.599976,1485.563721,6038019
20-09-2022,1514,1524,1509.900024,1520.699951,1503.458496,5390834
21-09-2022,1508,1521.5,1505,1518.349976,1501.135132,4536152
22-09-2022,1502,1510.150024,1482.75,1486,1469.151855,6024072
23-09-2022,1472.349976,1475,1437,1446.150024,1429.753784,7903126
26-09-2022,1425.349976,1436.449951,1418,1426.650024,1410.474854,4461743
27-09-2022,1432.400024,1440,1407,1413.849976,1397.819946,6319850
28-09-2022,1406,1410.599976,1385.900024,1389.550049,1373.795532,5908066
29-09-2022,1396.300049,1402.199951,1378.800049,1382.349976,1366.677002,7205194
30-09-2022,1378.800049,1431.449951,1365,1421.349976,1405.234863,7890878
03-10-2022,1409.949951,1417.849976,1401.099976,1413.199951,1397.177246,5770556
04-10-2022,1429.5,1458,1426.150024,1453,1436.526123,5769263
06-10-2022,1459.949951,1462.599976,1434.199951,1437,1420.70752,6274599
07-10-2022,1430.25,1434.949951,1420.349976,1430.800049,1414.577759,6648997
10-10-2022,1408,1426,1398.199951,1415,1398.956909,6554651
11-10-2022,1401.099976,1417,1399.449951,1400.650024,1384.769653,7260810
12-10-2022,1403.199951,1414.849976,1397.300049,1409.800049,1393.815918,4612525
13-10-2022,1402.050049,1406.25,1384,1393.599976,1377.799561,7357117
14-10-2022,1417,1447,1415.25,1439,1422.684814,6424960
17-10-2022,1435,1457.599976,1427,1446.550049,1430.149292,9205250
18-10-2022,1458.050049,1462.900024,1440,1443.849976,1427.479736,5280554
19-10-2022,1464,1477.400024,1453.400024,1458.650024,1442.112061,6483520
20-10-2022,1444,1452.900024,1442.5,1448.800049,1432.373779,3949039
21-10-2022,1452,1457.650024,1434,1438.599976,1422.289307,5246303
24-10-2022,1454.300049,1463,1454.300049,1461.050049,1444.484863,1083897
25-10-2022,1461.099976,1467.800049,1445,1450.900024,1434.449951,6886697
27-10-2022,1464.5,1467.349976,1451.25,1454.400024,1437.910156,7968638
28-10-2022,1450,1467,1447.400024,1458.699951,1442.161377,5237139
31-10-2022,1472,1498,1467.25,1496.699951,1479.730591,6415264
01-11-2022,1503.5,1529,1498.900024,1513.25,1496.093018,9536878
02-11-2022,1517,1528.25,1511.599976,1514.199951,1497.032104,6360203
03-11-2022,1497.699951,1520.25,1497,1507.550049,1490.457642,5166176
04-11-2022,1503.199951,1516.099976,1489.599976,1497.150024,1480.175537,5409030
07-11-2022,1510,1512,1492.099976,1508.800049,1491.693481,4917917
09-11-2022,1515.050049,1517.949951,1504,1508.349976,1491.248535,4634895
10-11-2022,1497.099976,1527,1495.050049,1524.75,1507.462524,6387091
11-11-2022,1545,1637,1538,1611.150024,1592.883057,28361169
14-11-2022,1612,1628,1598,1615.050049,1596.73877,9597695
15-11-2022,1623.150024,1623.150024,1605.25,1619,1600.643921,5515101
16-11-2022,1618.650024,1642,1612,1632.900024,1614.386353,6789075
17-11-2022,1618.099976,1631.550049,1613.900024,1618.150024,1599.803589,6050465
18-11-2022,1621,1623,1605.25,1613.900024,1595.601807,5229616
21-11-2022,1607.650024,1612,1590.199951,1597.349976,1579.23938,4172408
22-11-2022,1600,1604.349976,1591,1595,1576.916138,4273157
23-11-2022,1605,1605,1594,1599.150024,1581.019043,5092869
24-11-2022,1605.949951,1632,1599.150024,1625.150024,1606.724243,8598980
25-11-2022,1629.699951,1631.699951,1614.099976,1617.650024,1599.309326,4205248
28-11-2022,1602.900024,1607.449951,1594.050049,1600.25,1582.106567,8052990
29-11-2022,1597.25,1612.349976,1592.849976,1597.849976,1579.733765,6319118
30-11-2022,1597.099976,1612.900024,1597.099976,1608.449951,1590.213501,7592403
01-12-2022,1622,1637,1615,1619.5,1601.138306,10223183
02-12-2022,1610,1618.599976,1605.150024,1607.099976,1588.878906,3905539
05-12-2022,1609.949951,1614.599976,1596.199951,1612.949951,1594.662476,5796311
06-12-2022,1601,1613.699951,1600,1611.150024,1592.883057,6176546
07-12-2022,1614.150024,1618.599976,1604.449951,1610.449951,1592.190918,5837360
08-12-2022,1610,1626,1605,1619.5,1601.138306,7401817
09-12-2022,1626,1634.849976,1620,1631.050049,1612.557373,5981692
12-12-2022,1625,1653.599976,1621.400024,1643.75,1625.113403,7217404
13-12-2022,1650,1657,1645,1648.300049,1629.611816,8515851
14-12-2022,1653,1665.5,1650,1662.25,1643.403564,7113820
15-12-2022,1657.050049,1669.400024,1627.050049,1631.800049,1613.29895,9091324
16-12-2022,1620.050049,1645.099976,1609,1639.650024,1621.059814,7323979
19-12-2022,1644,1646.650024,1626.199951,1644.75,1626.102051,4802271
20-12-2022,1620.199951,1636.400024,1620.199951,1633.400024,1614.880737,3587349
21-12-2022,1641,1644.800049,1606.550049,1617.599976,1599.259888,4634599
22-12-2022,1622.199951,1627.5,1609,1612.050049,1593.772827,4873548
23-12-2022,1587,1604.150024,1585.449951,1597.650024,1579.536011,5346576
26-12-2022,1599.5,1639,1590,1629.449951,1610.975464,4953661
27-12-2022,1633,1635.949951,1613.5,1631.099976,1612.606812,3963386
28-12-2022,1623.099976,1633,1623.099976,1629.800049,1611.321533,4345935
29-12-2022,1620.099976,1643.5,1611,1641.300049,1622.691162,5506448
30-12-2022,1645,1645,1620,1628.150024,1609.690308,3561320
02-01-2023,1627,1639.75,1618.550049,1628.699951,1610.234009,2190689
03-01-2023,1622.199951,1643,1622.199951,1639.349976,1620.763184,4189015
04-01-2023,1635,1645.75,1607,1610.050049,1591.795532,5175800
05-01-2023,1615,1618.050049,1589.400024,1599.699951,1581.562744,5470718
06-01-2023,1602,1609.099976,1578.199951,1594.400024,1576.322876,4546231
09-01-2023,1596,1611.550049,1590,1597.5,1579.387695,5364670
10-01-2023,1600,1600,1565,1568.300049,1550.518799,8185883
11-01-2023,1567.949951,1598,1560,1590.900024,1572.862549,7597899
12-01-2023,1587.800049,1603.900024,1584.150024,1599.400024,1581.266235,4625035
13-01-2023,1598.75,1609.900024,1586,1600.650024,1582.502075,4622273
16-01-2023,1615,1621.300049,1580.300049,1585.300049,1567.326172,7374047
17-01-2023,1589.800049,1611,1577.5,1608.900024,1590.658569,5393177
18-01-2023,1605,1641.599976,1599.699951,1637.300049,1618.736572,9545321
19-01-2023,1637,1650,1633,1644.099976,1625.459351,5586081
20-01-2023,1644.099976,1669,1643.400024,1660.949951,1642.118286,9421702
23-01-2023,1666.25,1682.599976,1661.400024,1673.099976,1654.130615,7722200
24-01-2023,1675.050049,1702.400024,1675,1695.5,1676.276611,12491970
25-01-2023,1691.400024,1692.949951,1645.300049,1648.650024,1629.957886,7352071
27-01-2023,1632,1637,1589.949951,1615.800049,1597.480347,17589974
30-01-2023,1595,1625.300049,1582,1614.150024,1595.848999,9256411
31-01-2023,1619.699951,1622.699951,1595,1603.5,1585.319702,9298122
01-02-2023,1624,1665,1606,1627.550049,1609.097046,8651395
02-02-2023,1608.099976,1624.5,1588.75,1603.349976,1585.171387,8748553
03-02-2023,1611,1660.5,1607,1658.800049,1639.992798,7205550
06-02-2023,1660,1669.400024,1646.199951,1651.75,1633.022705,5583836
07-02-2023,1659.400024,1664.900024,1632.599976,1654.199951,1635.444824,5132294
08-02-2023,1654.25,1668.199951,1650,1654,1635.247192,4222413
09-02-2023,1660,1661.650024,1635.550049,1650.550049,1631.836304,5888668
10-02-2023,1648.800049,1658.5,1642.199951,1657.099976,1638.312012,4086058
13-02-2023,1655,1661.75,1644.550049,1658.349976,1639.547852,2868472
14-02-2023,1665,1677.5,1657.949951,1673.699951,1654.723755,5454296
15-02-2023,1678,1678,1656.75,1670.300049,1651.362427,5719356
16-02-2023,1673.199951,1681.900024,1661,1664.25,1645.380981,4031250
17-02-2023,1661,1668.150024,1642.949951,1655.900024,1637.12561,4478135
20-02-2023,1660,1669.449951,1634.800049,1640.349976,1621.751831,4043353
21-02-2023,1640,1662.349976,1634,1646.5,1627.832153,6194648
22-02-2023,1639,1641.949951,1609.050049,1614.199951,1595.898315,5179551
23-02-2023,1613,1618.849976,1592.099976,1603.25,1585.07251,13941005
24-02-2023,1617.900024,1617.900024,1585.199951,1588.949951,1570.934692,8530870
27-02-2023,1585.900024,1599,1577.300049,1592.900024,1574.839966,7156486
28-02-2023,1592,1605.300049,1588.699951,1599.599976,1581.463867,9496996
01-03-2023,1612,1613,1595.75,1598.050049,1579.931519,7068628
02-03-2023,1594,1605.949951,1582,1584.449951,1566.485596,8695907
03-03-2023,1596,1620,1588,1615.900024,1597.579102,7493117
06-03-2023,1620,1639.449951,1618.050049,1627.300049,1608.849976,13502355
08-03-2023,1620,1639.5,1620,1630.550049,1612.06311,10049887
09-03-2023,1629.949951,1645.949951,1627,1630.699951,1612.211304,10350083
10-03-2023,1610.449951,1613.75,1585,1588.650024,1570.638062,13693500
13-03-2023,1587.900024,1603.800049,1564.949951,1568.550049,1550.765991,13221775
14-03-2023,1570.25,1583.599976,1559.300049,1564.349976,1546.613525,16592806
15-03-2023,1578,1582.900024,1536.599976,1541.900024,1524.418213,18632377
16-03-2023,1539,1559.099976,1532.050049,1551.900024,1534.30481,10876671
17-03-2023,1557.5,1579.199951,1540,1572.650024,1554.819458,11475438
20-03-2023,1567.949951,1568.099976,1545.400024,1561.75,1544.043091,13251557
21-03-2023,1571.949951,1582.5,1556.199951,1579.449951,1561.542358,16525247
22-03-2023,1584,1586.050049,1565.300049,1575.800049,1557.933838,7088662
23-03-2023,1567.75,1590.349976,1558.550049,1563.150024,1545.427246,14182089
24-03-2023,1560,1573.900024,1554.949951,1560.650024,1542.955566,15738874
27-03-2023,1562.199951,1579.449951,1558.900024,1567.449951,1549.678345,15936003
28-03-2023,1565.699951,1582.900024,1564.099976,1580.199951,1562.283813,19638151
29-03-2023,1584,1602,1581.900024,1587.800049,1569.797729,19881806
31-03-2023,1595.599976,1612.949951,1592.400024,1609.550049,1591.301147,17355614
03-04-2023,1607.550049,1615.699951,1602.75,1610.550049,1592.289795,20012699
05-04-2023,1618.599976,1656,1616,1653.75,1635,21682696
06-04-2023,1648.550049,1669.199951,1647.099976,1666.349976,1647.457153,22318672
10-04-2023,1663.25,1671,1654,1658.449951,1639.646606,15906643
11-04-2023,1659,1669.400024,1651.099976,1663.300049,1644.441772,21180771
12-04-2023,1668,1688.199951,1667.800049,1684.900024,1665.796875,13477752
13-04-2023,1688.300049,1697.050049,1678.150024,1692.449951,1673.261108,17665043
17-04-2023,1720,1720,1653.300049,1666.650024,1647.753784,16202574
18-04-2023,1670,1677.25,1656.400024,1659.599976,1640.783691,14818613
19-04-2023,1665,1670.300049,1657.150024,1665.699951,1646.814453,12370584
20-04-2023,1671.699951,1677.449951,1666.400024,1671.900024,1652.944214,16461358
21-04-2023,1669,1676.949951,1663.25,1674.599976,1655.613525,10064309
24-04-2023,1687,1691.449951,1674.099976,1688.150024,1669.01001,17837926
25-04-2023,1687.699951,1687.699951,1661.900024,1664.150024,1645.282104,25176534
26-04-2023,1660,1675,1655,1671.800049,1652.845337,13696375
27-04-2023,1670.5,1685.25,1665.849976,1681,1661.94104,23895196
28-04-2023,1684.699951,1691,1670,1687.599976,1668.466187,13958136
02-05-2023,1688.699951,1699,1682,1687.25,1668.120117,16110592
03-05-2023,1684.949951,1696,1679.650024,1693.150024,1673.953247,14703635
04-05-2023,1687.099976,1734.449951,1687.099976,1727.800049,1708.210449,28427319
05-05-2023,1639,1660.949951,1622.099976,1625.650024,1607.218628,31385208
08-05-2023,1635,1650.349976,1630,1644.449951,1625.80542,18622262
09-05-2023,1649.900024,1656,1639.949951,1644.5,1625.854858,21844469
10-05-2023,1644.5,1654.650024,1633.099976,1652.099976,1633.368652,23170275
11-05-2023,1665.150024,1688,1649.25,1653.199951,1634.456177,17867309
12-05-2023,1647,1672.800049,1644.25,1667.800049,1648.890747,11239380
15-05-2023,1672,1680.75,1665.099976,1675.800049,1656.800049,9256130
16-05-2023,1671.800049,1671.800049,1644,1647.300049,1647.300049,16361043
17-05-2023,1650,1650,1625.349976,1638.449951,1638.449951,15233434
18-05-2023,1648,1653.949951,1640,1645,1645,24823471
19-05-2023,1648,1650,1631.550049,1646.900024,1646.900024,15230166
22-05-2023,1645,1652.900024,1632.699951,1641.050049,1641.050049,14167016
23-05-2023,1649,1649.599976,1633.449951,1637.199951,1637.199951,11235037
24-05-2023,1627.550049,1634.75,1613.599976,1615.800049,1615.800049,16794056
25-05-2023,1615.699951,1620.050049,1597.349976,1609.599976,1609.599976,14888465
26-05-2023,1619,1619,1602.25,1615.800049,1615.800049,13317533
29-05-2023,1628.5,1641,1624.849976,1635.5,1635.5,10908146
30-05-2023,1633.599976,1642.650024,1628.550049,1636.75,1636.75,18562964
31-05-2023,1629.900024,1634.949951,1604.650024,1610.849976,1610.849976,21667135
01-06-2023,1619.900024,1619.900024,1600,1604,1604,25183469
02-06-2023,1612.449951,1614.800049,1601,1606.5,1606.5,8929855
05-06-2023,1614.5,1616.5,1602.449951,1604.400024,1604.400024,9348621
06-06-2023,1607.650024,1609.849976,1592.25,1599.400024,1599.400024,16091426
07-06-2023,1603.449951,1612.550049,1596,1607.699951,1607.699951,12474513
08-06-2023,1603.25,1626,1603.25,1608.699951,1608.699951,18697761
09-06-2023,1615.900024,1618.5,1607,1610.599976,1610.599976,9106289
12-06-2023,1612.550049,1615.800049,1599.449951,1600.800049,1600.800049,6704146
13-06-2023,1590.099976,1609,1590.099976,1603.5,1603.5,13963054
14-06-2023,1610.449951,1612,1600.199951,1601.75,1601.75,10056984
15-06-2023,1604,1605.949951,1579,1582.050049,1582.050049,17688738
16-06-2023,1587.150024,1609.199951,1584,1602.75,1602.75,7889636
19-06-2023,1611,1614.25,1598.349976,1604.150024,1604.150024,12414573
20-06-2023,1604.150024,1611,1590.650024,1607.5,1607.5,10002813
21-06-2023,1616,1637.25,1611,1635.599976,1635.599976,12154473
22-06-2023,1640,1657.550049,1639.050049,1643.599976,1643.599976,28298070
23-06-2023,1637.550049,1659.900024,1634.050049,1643.5,1643.5,10669609
26-06-2023,1645,1650.75,1628.699951,1635.550049,1635.550049,8065157
27-06-2023,1642.949951,1672.900024,1638.550049,1658.599976,1658.599976,16915932
28-06-2023,1658.599976,1658.599976,1658.599976,1658.599976,1658.599976,0
30-06-2023,1704,1708.800049,1683.25,1701.400024,1701.400024,20349508
03-07-2023,1712.5,1757.5,1710,1719.800049,1719.800049,22052058
04-07-2023,1723.449951,1747,1713.800049,1728.199951,1728.199951,19397594
05-07-2023,1716.25,1720,1668.550049,1673.300049,1673.300049,18582877
06-07-2023,1673,1687.849976,1660.400024,1675,1675,26078272
07-07-2023,1665,1675,1656.300049,1660.400024,1660.400024,9963168
10-07-2023,1661,1676.75,1649.699951,1656.449951,1656.449951,19199221
11-07-2023,1663,1676,1645.5,1648.400024,1648.400024,25335213
12-07-2023,1655.349976,1666.300049,1627.150024,1632.949951,1632.949951,35479179
13-07-2023,1656.699951,1657.449951,1638.050049,1641.099976,1641.099976,20956773
14-07-2023,1653.599976,1653.599976,1635,1644.5,1644.5,12363607
17-07-2023,1650,1682,1633,1678.900024,1678.900024,24626464
18-07-2023,1698,1704,1670,1677.5,1677.5,40538409
19-07-2023,1681.099976,1688.75,1675,1685.099976,1685.099976,16467567
20-07-2023,1681.150024,1692,1680,1688.75,1688.75,28105474
21-07-2023,1680,1689.800049,1673.25,1675.75,1675.75,21077124
24-07-2023,1678.5,1684.650024,1670.099976,1678.400024,1678.400024,16089722
25-07-2023,1684.650024,1699,1678.400024,1696.599976,1696.599976,27996298
26-07-2023,1699.599976,1699.599976,1688,1690.699951,1690.699951,12397179
27-07-2023,1699.900024,1703,1667.449951,1673.150024,1673.150024,29870651
28-07-2023,1661.5,1668.900024,1641.099976,1643.5,1643.5,20507842
31-07-2023,1650.050049,1656.800049,1638.699951,1651.199951,1651.199951,17282503
01-08-2023,1654.449951,1667.449951,1650,1662.25,1662.25,17697094
02-08-2023,1642,1651.5,1633.150024,1640.5,1640.5,14058161
03-08-2023,1640,1651.349976,1623,1628.650024,1628.650024,28836973
04-08-2023,1635.150024,1656.5,1629.25,1652.199951,1652.199951,18694152
07-08-2023,1663.099976,1663.099976,1647.550049,1651.25,1651.25,14150459
08-08-2023,1651.699951,1655.599976,1642.050049,1649.900024,1649.900024,21886914
09-08-2023,1653,1654.5,1631.099976,1650.5,1650.5,16680618
10-08-2023,1647.050049,1654.25,1631,1635.849976,1635.849976,25390559
11-08-2023,1638.400024,1638.400024,1616.199951,1618.800049,1618.800049,14112911
14-08-2023,1611,1615,1600.25,1610.900024,1610.900024,15652205
16-08-2023,1583.099976,1609.650024,1581.300049,1606.199951,1606.199951,17068771
17-08-2023,1597.599976,1609.900024,1594,1597.300049,1597.300049,26442020
18-08-2023,1587.550049,1596.300049,1585.5,1590.75,1590.75,12816683
21-08-2023,1600.5,1600.5,1587,1589.5,1589.5,10918635
22-08-2023,1596.349976,1598,1580,1582.699951,1582.699951,16136785
23-08-2023,1580,1590.550049,1573.25,1586.599976,1586.599976,18249294
24-08-2023,1593.300049,1596.199951,1576.150024,1579.300049,1579.300049,21572896
25-08-2023,1574.550049,1577.5,1558.400024,1561.5,1561.5,15034878
28-08-2023,1561.5,1582.650024,1561.5,1577.75,1577.75,14433619
29-08-2023,1589.699951,1592.650024,1581.449951,1590.300049,1590.300049,17769466
30-08-2023,1603.949951,1603.949951,1573.699951,1578.699951,1578.699951,14042102
31-08-2023,1579,1583.150024,1563.099976,1571.449951,1571.449951,50037886
01-09-2023,1571,1579,1559.349976,1574.699951,1574.699951,21613388
04-09-2023,1590,1591.449951,1574.900024,1584.550049,1584.550049,12536819
05-09-2023,1588.400024,1588.400024,1570.599976,1574.900024,1574.900024,19356041
06-09-2023,1576.800049,1600,1574.900024,1595.5,1595.5,28160455
07-09-2023,1595.5,1614,1587.150024,1610.849976,1610.849976,17104171
08-09-2023,1608.300049,1632.900024,1607.599976,1623.400024,1623.400024,17251105
11-09-2023,1628.900024,1636.5,1624,1631.800049,1631.800049,15786511
12-09-2023,1640,1642.900024,1625.050049,1636.900024,1636.900024,19516670
13-09-2023,1631.300049,1651.599976,1628.599976,1643.900024,1643.900024,23210047
14-09-2023,1644.25,1650,1635.099976,1642.900024,1642.900024,11769424
15-09-2023,1650,1670,1650,1661.75,1661.75,86705601
18-09-2023,1653.75,1655,1626.099976,1629.050049,1629.050049,18528144
,,,,,,
,,,,,,
,,,,,,
,,,,,,
,,,,,,
,,,,,,
,,,,,,
,,,,,,
,,,,,,
,,,,,,
,,,,,,
,,,,,,
,,,,,,
,,,,,,
,,,,,,
,,,,,,
,,,,,,
,,,,,,
,,,,,,
